orthogroup	partner_species	reference_species	reference_id	partner_id	category	has_reference_model	has_partner_model	reference_primary	partner_primary	reference_seqid	reference_start	reference_end	reference_strand	reference_rank	partner_seqid	partner_start	partner_end	partner_strand	partner_rank	local_support	collinear_orientation	is_collinear	collinear_block_id	collinear_block_size	reference_cds_ok	partner_cds_ok	ka	ks	kaks	kaks_method	aligned_codons	aa_identity	status	reference_cds_len	partner_cds_len	is_collinear_bool
OG0005936	Camellia_oleifera	Liriodendron_chinense	Lchi21720	augustus_masked-HiC_scaffold_13-processed-gene-1228.3-mRNA-1	background	True	True	Lchi21720	augustus_masked-HiC_scaffold_13-processed-gene-1228.3-mRNA-1	chr1	10651724	10694010	+	323	HiC_scaffold_13	122882939	122883592	+	3519	3	1	True	block_1	4	False	True							missing_cds			True
OG0016071	Camellia_oleifera	Liriodendron_chinense	Lchi21731	maker-HiC_scaffold_13-snap-gene-1232.0-mRNA-1	background	True	True	Lchi21731	maker-HiC_scaffold_13-snap-gene-1232.0-mRNA-1	chr1	11113915	11115043	+	334	HiC_scaffold_13	123224704	123231582	+	3534	3	1	True	block_1	4	True	False							missing_cds			True
OG0006087	Camellia_oleifera	Liriodendron_chinense	Lchi00680	genemark-HiC_scaffold_8-processed-gene-1222.77-mRNA-1	background	True	True	Lchi00680	genemark-HiC_scaffold_8-processed-gene-1222.77-mRNA-1	chr1	105613056	105618319	+	2167	HiC_scaffold_8	122245037	122255779	+	4506	2	1	True	block_1	3	False	True							missing_cds			True
OG0001695	Camellia_oleifera	Liriodendron_chinense	Lchi00673	maker-HiC_scaffold_8-snap-gene-1225.81-mRNA-1	background	True	True	Lchi00673	maker-HiC_scaffold_8-snap-gene-1225.81-mRNA-1	chr1	105854578	105856385	-	2174	HiC_scaffold_8	122586433	122589005	-	4523	2	1	True	block_1	3	False	False							missing_cds			True
OG0003399	Camellia_oleifera	Liriodendron_chinense	Lchi06129	snap_masked-HiC_scaffold_1-processed-gene-1408.15-mRNA-1	background	True	True	Lchi06129	snap_masked-HiC_scaffold_1-processed-gene-1408.15-mRNA-1	chr1	113358547	113358992	-	2448	HiC_scaffold_1	140821009	140821215	+	4742	2	-1	True	block_1	3	True	True	0.2509268077466814	3.886268628259616	0.06456754067951646	ML	66.0	0.6307692307692307	ok	198.0	204.0	True
OG0000471	Camellia_oleifera	Liriodendron_chinense	Lchi06405	maker-HiC_scaffold_5-snap-gene-40.24-mRNA-1	background	True	True	Lchi06405	maker-HiC_scaffold_5-snap-gene-40.24-mRNA-1	chr10	5078053	5090370	-	191	HiC_scaffold_5	3991259	3995526	-	162	2	1	True	block_1	4	False	False							missing_cds			True
OG0011521	Camellia_oleifera	Liriodendron_chinense	Lchi06422	snap_masked-HiC_scaffold_5-processed-gene-43.25-mRNA-1	background	True	True	Lchi06422	snap_masked-HiC_scaffold_5-processed-gene-43.25-mRNA-1	chr10	5511787	5523460	+	208	HiC_scaffold_5	4335931	4341912	+	180	3	1	True	block_1	4	False	False							missing_cds			True
OG0006855	Camellia_oleifera	Liriodendron_chinense	Lchi20792	maker-HiC_scaffold_6-snap-gene-1038.5-mRNA-1	background	True	True	Lchi20792	maker-HiC_scaffold_6-snap-gene-1038.5-mRNA-1	chr10	7620607	7624226	-	268	HiC_scaffold_6	103782158	103790784	-	3030	2	1	True	block_1	3	False	False							missing_cds			True
OG0008851	Camellia_oleifera	Liriodendron_chinense	Lchi20778	maker-HiC_scaffold_6-snap-gene-1038.4-mRNA-1	background	True	True	Lchi20778	maker-HiC_scaffold_6-snap-gene-1038.4-mRNA-1	chr10	8104891	8106805	+	282	HiC_scaffold_6	103884926	103888144	+	3038	2	1	True	block_1	3	False	False							missing_cds			True
OG0004643	Camellia_oleifera	Liriodendron_chinense	Lchi04577	maker-HiC_scaffold_8-snap-gene-88.7-mRNA-2	background	True	True	Lchi04577	maker-HiC_scaffold_8-snap-gene-88.7-mRNA-2	chr10	12186783	12190865	-	389	HiC_scaffold_8	8853784	8858294	-	355	4	1	True	block_1	5	False	False							missing_cds			True
OG0000151	Camellia_oleifera	Liriodendron_chinense	Lchi04570	snap_masked-HiC_scaffold_8-processed-gene-89.22-mRNA-1	background	True	True	Lchi04570	snap_masked-HiC_scaffold_8-processed-gene-89.22-mRNA-1	chr10	12464145	12465098	-	396	HiC_scaffold_8	8964826	8965425	-	363	4	1	True	block_1	5	True	True	0.3707508667393213	4.719351579136844	0.07855970476501999	ML	195.0	0.5282051282051282	ok	585.0	597.0	True
OG0007794	Camellia_oleifera	Liriodendron_chinense	Lchi26574	maker-HiC_scaffold_6-snap-gene-674.16-mRNA-1	background	True	True	Lchi26574	maker-HiC_scaffold_6-snap-gene-674.16-mRNA-1	chr11	12856555	12879089	-	175	HiC_scaffold_6	67430417	67434049	+	1677	2	-1	True	block_1	3	False	False							missing_cds			True
OG0000202	Camellia_oleifera	Liriodendron_chinense	Lchi26591	augustus_masked-HiC_scaffold_6-processed-gene-670.4-mRNA-1	candidate_core	True	True	Lchi26591	augustus_masked-HiC_scaffold_6-processed-gene-670.4-mRNA-1	chr11	13641139	13646751	-	192	HiC_scaffold_6	67040936	67043998	+	1659	2	-1	True	block_1	3	False	True							missing_cds			True
OG0008842	Camellia_oleifera	Liriodendron_chinense	Lchi25232	augustus_masked-HiC_scaffold_6-processed-gene-692.35-mRNA-1	background	True	True	Lchi25232	augustus_masked-HiC_scaffold_6-processed-gene-692.35-mRNA-1	chr11	14978732	14983850	-	203	HiC_scaffold_6	69193463	69193975	+	1715	3	-1	True	block_2	5	True	True	0.3930008700824994	27.09787916694686	0.014503012123615544	ML	153.0	0.5197368421052632	ok	459.0	510.0	True
OG0012758	Camellia_oleifera	Liriodendron_chinense	Lchi25240	maker-HiC_scaffold_6-snap-gene-687.39-mRNA-1	background	True	True	Lchi25240	maker-HiC_scaffold_6-snap-gene-687.39-mRNA-1	chr11	15497167	15520361	+	211	HiC_scaffold_6	68725975	68738413	-	1701	4	-1	True	block_2	5	False	False							missing_cds			True
OG0003400	Camellia_oleifera	Liriodendron_chinense	Lchi01407	maker-HiC_scaffold_1-snap-gene-1749.2-mRNA-1	background	True	True	Lchi01407	maker-HiC_scaffold_1-snap-gene-1749.2-mRNA-1	chr11	56304740	56319963	-	1200	HiC_scaffold_1	174964896	174968115	+	5791	3	-1	True	block_1	4	True	True	0.26203231038038266	1.2749158534647467	0.205529101915453	ML	178.0	0.6348314606741573	ok	534.0	999.0	True
OG0007962	Camellia_oleifera	Liriodendron_chinense	Lchi01404	maker-HiC_scaffold_1-snap-gene-1748.46-mRNA-1	background	True	True	Lchi01404	maker-HiC_scaffold_1-snap-gene-1748.46-mRNA-1	chr11	56418772	56441340	+	1203	HiC_scaffold_1	174798816	174816062	-	5781	3	-1	True	block_1	4	False	False							missing_cds			True
OG0017098	Camellia_oleifera	Liriodendron_chinense	Lchi21822	maker-HiC_scaffold_10-snap-gene-189.1-mRNA-1	background	True	True	Lchi21822	maker-HiC_scaffold_10-snap-gene-189.1-mRNA-1	chr12	30610192	30621044	+	484	HiC_scaffold_10	18946861	18950481	+	691	2	1	True	block_1	3	False	False							missing_cds			True
OG0003462	Camellia_oleifera	Liriodendron_chinense	Lchi21840	maker-HiC_scaffold_10-snap-gene-190.28-mRNA-1	background	True	True	Lchi21840	maker-HiC_scaffold_10-snap-gene-190.28-mRNA-1	chr12	31663644	31720425	+	502	HiC_scaffold_10	19029082	19049781	+	699	2	1	True	block_1	3	False	False							missing_cds			True
OG0003502	Camellia_oleifera	Liriodendron_chinense	Lchi07505	maker-HiC_scaffold_13-snap-gene-156.13-mRNA-1	background	True	True	Lchi07505	maker-HiC_scaffold_13-snap-gene-156.13-mRNA-1	chr12	69607971	69612802	-	1137	HiC_scaffold_13	15621498	15627571	+	745	4	-1	True	block_1	5	False	False							missing_cds			True
OG0018428	Camellia_oleifera	Liriodendron_chinense	Lchi07508	augustus_masked-HiC_scaffold_13-processed-gene-156.16-mRNA-1	background	True	True	Lchi07508	augustus_masked-HiC_scaffold_13-processed-gene-156.16-mRNA-1	chr12	69676071	69678086	-	1140	HiC_scaffold_13	15589406	15591322	+	741	4	-1	True	block_1	5	False	True							missing_cds			True
OG0001155	Camellia_oleifera	Liriodendron_chinense	Lchi12311	maker-HiC_scaffold_10-snap-gene-1936.30-mRNA-1	background	True	True	Lchi12311	maker-HiC_scaffold_10-snap-gene-1936.30-mRNA-1	chr13	42902159	42910997	+	825	HiC_scaffold_10	193630450	193635205	-	6481	2	-1	True	block_1	3	False	False							missing_cds			True
OG0002198	Camellia_oleifera	Liriodendron_chinense	Lchi12316	snap_masked-HiC_scaffold_10-processed-gene-1933.47-mRNA-1	background	True	True	Lchi12316	snap_masked-HiC_scaffold_10-processed-gene-1933.47-mRNA-1	chr13	43033869	43042975	+	830	HiC_scaffold_10	193381752	193386690	-	6471	2	-1	True	block_1	3	False	False							missing_cds			True
OG0011406	Camellia_oleifera	Liriodendron_chinense	Lchi03120	maker-HiC_scaffold_7-snap-gene-1783.11-mRNA-1	background	True	True	Lchi03120	maker-HiC_scaffold_7-snap-gene-1783.11-mRNA-1	chr14	61444343	61454755	-	1069	HiC_scaffold_7	178312734	178318997	-	5821	3	1	True	block_1	4	False	False							missing_cds			True
OG0006026	Camellia_oleifera	Liriodendron_chinense	Lchi03136	augustus_masked-HiC_scaffold_7-processed-gene-1790.7-mRNA-1	background	True	True	Lchi03136	augustus_masked-HiC_scaffold_7-processed-gene-1790.7-mRNA-1	chr14	61891287	61891863	+	1084	HiC_scaffold_7	179078134	179078766	+	5841	2	1	True	block_1	4	True	True	0.2938848917625009	25.63499678257086	0.01146420630574497	ML	142.0	0.5492957746478874	ok	426.0	630.0	True
OG0008385	Camellia_oleifera	Liriodendron_chinense	Lchi10777	augustus_masked-HiC_scaffold_9-processed-gene-9.19-mRNA-1	background	True	True	Lchi10777	augustus_masked-HiC_scaffold_9-processed-gene-9.19-mRNA-1	chr14	72371254	72374076	+	1381	HiC_scaffold_9	936715	937317	-	20	3	-1	True	block_1	4	True	True	0.2129465164296606	2.5307229435768175	0.08414453939738299	ML	139.0	0.6934306569343066	ok	417.0	600.0	True
OG0004066	Camellia_oleifera	Liriodendron_chinense	Lchi10782	maker-HiC_scaffold_9-snap-gene-8.31-mRNA-1	background	True	True	Lchi10782	maker-HiC_scaffold_9-snap-gene-8.31-mRNA-1	chr14	72443281	72472869	-	1386	HiC_scaffold_9	852624	865905	+	16	3	-1	True	block_1	4	False	False							missing_cds			True
OG0007882	Camellia_oleifera	Liriodendron_chinense	Lchi19189	maker-HiC_scaffold_8-snap-gene-1253.34-mRNA-1	background	True	True	Lchi19189	maker-HiC_scaffold_8-snap-gene-1253.34-mRNA-1	chr15	1081276	1090601	-	35	HiC_scaffold_8	125321545	125325624	-	4602	2	1	True	block_1	3	False	True							missing_cds			True
OG0029993	Camellia_oleifera	Liriodendron_chinense	Lchi08182	maker-HiC_scaffold_3-snap-gene-1669.41-mRNA-1	background	True	True	Lchi08182	maker-HiC_scaffold_3-snap-gene-1669.41-mRNA-1	chr15	47472187	47473458	-	754	HiC_scaffold_3	166920532	166923203	+	5730	2	-1	True	block_1	3	False	False							missing_cds			True
OG0008994	Camellia_oleifera	Liriodendron_chinense	Lchi08187	maker-HiC_scaffold_3-snap-gene-1667.2-mRNA-1	background	True	True	Lchi08187	maker-HiC_scaffold_3-snap-gene-1667.2-mRNA-1	chr15	47611359	47613452	-	759	HiC_scaffold_3	166736008	166738398	+	5724	2	-1	True	block_1	3	True	False							missing_cds			True
OG0010761	Camellia_oleifera	Liriodendron_chinense	Lchi08232	snap_masked-HiC_scaffold_8-processed-gene-237.33-mRNA-1	background	True	True	Lchi08232	snap_masked-HiC_scaffold_8-processed-gene-237.33-mRNA-1	chr15	49590276	49604029	-	804	HiC_scaffold_8	23704456	23707889	-	1007	2	1	True	block_2	3	True	False							missing_cds			True
OG0014316	Camellia_oleifera	Liriodendron_chinense	Lchi12670	maker-HiC_scaffold_6-snap-gene-856.35-mRNA-1	background	True	True	Lchi12670	maker-HiC_scaffold_6-snap-gene-856.35-mRNA-1	chr15	56121101	56121594	+	975	HiC_scaffold_6	85601793	85602410	+	2319	2	1	True	block_3	3	True	True	0.13563907395664856	1.878864905574087	0.07219203123877821	ML	128.0	0.7659574468085106	ok	384.0	357.0	True
OG0011358	Camellia_oleifera	Liriodendron_chinense	Lchi12663	maker-HiC_scaffold_6-snap-gene-858.3-mRNA-1	background	True	True	Lchi12663	maker-HiC_scaffold_6-snap-gene-858.3-mRNA-1	chr15	56342182	56355879	+	982	HiC_scaffold_6	85803395	85815405	+	2327	3	1	True	block_3	3	False	False							missing_cds			True
OG0006318	Camellia_oleifera	Liriodendron_chinense	Lchi08595	maker-HiC_scaffold_10-snap-gene-1026.4-mRNA-1	background	True	True	Lchi08595	maker-HiC_scaffold_10-snap-gene-1026.4-mRNA-1	chr15	73932204	73934482	+	1579	HiC_scaffold_10	102635953	102642561	-	3064	3	-1	True	block_1	4	False	True							missing_cds			True
OG0005516	Camellia_oleifera	Liriodendron_chinense	Lchi08610	augustus_masked-HiC_scaffold_10-processed-gene-1023.17-mRNA-1	high_confidence	True	True	Lchi08610	augustus_masked-HiC_scaffold_10-processed-gene-1023.17-mRNA-1	chr15	74158763	74166965	-	1594	HiC_scaffold_10	102374214	102376142	+	3056	2	-1	True	block_1	4	False	True							missing_cds			True
OG0015154	Camellia_oleifera	Liriodendron_chinense	Lchi07232	maker-HiC_scaffold_4-snap-gene-1688.28-mRNA-2	background	True	True	Lchi07232	maker-HiC_scaffold_4-snap-gene-1688.28-mRNA-2	chr16	5336653	5342049	-	164	HiC_scaffold_4	168811067	168816427	+	5229	2	-1	True	block_1	3	True	False							missing_cds			True
OG0001771	Camellia_oleifera	Liriodendron_chinense	Lchi05152	snap_masked-HiC_scaffold_9-processed-gene-18.7-mRNA-1	background	True	True	Lchi05152	snap_masked-HiC_scaffold_9-processed-gene-18.7-mRNA-1	chr17	66662271	66670843	-	1148	HiC_scaffold_9	1787698	1792735	+	63	2	-1	True	block_1	3	False	False							missing_cds			True
OG0010097	Camellia_oleifera	Liriodendron_chinense	Lchi05169	maker-HiC_scaffold_9-snap-gene-16.25-mRNA-1	background	True	True	Lchi05169	maker-HiC_scaffold_9-snap-gene-16.25-mRNA-1	chr17	67163498	67169211	-	1165	HiC_scaffold_9	1651228	1654799	-	55	2	-1	True	block_1	3	False	False							missing_cds			True
OG0005937	Camellia_oleifera	Liriodendron_chinense	Lchi12831	maker-HiC_scaffold_13-snap-gene-1272.9-mRNA-1	background	True	True	Lchi12831	maker-HiC_scaffold_13-snap-gene-1272.9-mRNA-1	chr18	8573550	8577323	+	260	HiC_scaffold_13	127220127	127225136	-	3702	2	-1	True	block_1	3	False	False							missing_cds			True
OG0013654	Camellia_oleifera	Liriodendron_chinense	Lchi28274	maker-HiC_scaffold_1-snap-gene-40.2-mRNA-1	background	True	True	Lchi28274	maker-HiC_scaffold_1-snap-gene-40.2-mRNA-1	chr2	40529528	40576050	+	852	HiC_scaffold_1	4020581	4031918	-	219	2	-1	True	block_1	3	False	False							missing_cds			True
OG0008456	Camellia_oleifera	Liriodendron_chinense	Lchi28290	maker-HiC_scaffold_1-snap-gene-38.16-mRNA-1	background	True	True	Lchi28290	maker-HiC_scaffold_1-snap-gene-38.16-mRNA-1	chr2	42769514	42775227	+	868	HiC_scaffold_1	3808313	3811855	-	201	2	-1	True	block_1	3	False	False							missing_cds			True
OG0001353	Camellia_oleifera	Liriodendron_chinense	Lchi26648	maker-HiC_scaffold_10-snap-gene-1606.0-mRNA-1	background	True	True	Lchi26648	maker-HiC_scaffold_10-snap-gene-1606.0-mRNA-1	chr2	51419283	51438777	-	983	HiC_scaffold_10	160595696	160603208	+	5035	2	-1	True	block_2	3	False	False							missing_cds			True
OG0012743	Camellia_oleifera	Liriodendron_chinense	Lchi11619	snap_masked-HiC_scaffold_4-processed-gene-325.22-mRNA-1	background	True	True	Lchi11619	snap_masked-HiC_scaffold_4-processed-gene-325.22-mRNA-1	chr3	10474459	10476925	-	356	HiC_scaffold_4	32520118	32523449	+	1252	2	-1	True	block_1	4	False	False							missing_cds			True
OG0000270	Camellia_oleifera	Liriodendron_chinense	Lchi11596	maker-HiC_scaffold_4-snap-gene-319.19-mRNA-1	background	True	True	Lchi11596	maker-HiC_scaffold_4-snap-gene-319.19-mRNA-1	chr3	11005067	11014820	-	379	HiC_scaffold_4	31933048	31942301	+	1229	2	-1	True	block_1	4	False	False							missing_cds			True
OG0014301	Camellia_oleifera	Liriodendron_chinense	Lchi18045	maker-HiC_scaffold_4-snap-gene-1053.42-mRNA-1	background	True	True	Lchi18045	maker-HiC_scaffold_4-snap-gene-1053.42-mRNA-1	chr3	19239440	19251791	+	498	HiC_scaffold_4	105296892	105314176	-	3258	3	-1	True	block_2	4	False	False							missing_cds			True
OG0000147	Camellia_oleifera	Liriodendron_chinense	Lchi18039	augustus_masked-HiC_scaffold_4-processed-gene-1043.69-mRNA-1	background	True	True	Lchi18039	augustus_masked-HiC_scaffold_4-processed-gene-1043.69-mRNA-1	chr3	19577142	19581087	+	504	HiC_scaffold_4	104290450	104290692	-	3244	3	-1	True	block_2	4	False	True							missing_cds			True
OG0009403	Camellia_oleifera	Liriodendron_chinense	Lchi07013	maker-HiC_scaffold_4-snap-gene-256.11-mRNA-1	candidate_core	True	True	Lchi07013	maker-HiC_scaffold_4-snap-gene-256.11-mRNA-1	chr3	22175575	22179021	-	591	HiC_scaffold_4	25588419	25595959	+	981	2	1	True	block_3	3	False	False							missing_cds			True
OG0012024	Camellia_oleifera	Liriodendron_chinense	Lchi07003	maker-HiC_scaffold_4-snap-gene-258.31-mRNA-1	background	True	True	Lchi07003	maker-HiC_scaffold_4-snap-gene-258.31-mRNA-1	chr3	22490514	22491923	+	601	HiC_scaffold_4	25811780	25816710	-	996	2	1	True	block_3	3	False	False							missing_cds			True
OG0008299	Camellia_oleifera	Liriodendron_chinense	Lchi06986	maker-HiC_scaffold_4-snap-gene-265.12-mRNA-1	background	True	True	Lchi06986	maker-HiC_scaffold_4-snap-gene-265.12-mRNA-1	chr3	22904136	22909419	-	618	HiC_scaffold_4	26571139	26576588	-	1027	2	1	True	block_4	3	True	True	0.15718014871118946	1.0037152430221903	0.15659834779226772	ML	306.0	0.760797342192691	ok	918.0	924.0	True
OG0015272	Camellia_oleifera	Liriodendron_chinense	Lchi15245	augustus_masked-HiC_scaffold_5-processed-gene-343.7-mRNA-1	background	True	True	Lchi15245	augustus_masked-HiC_scaffold_5-processed-gene-343.7-mRNA-1	chr3	32112936	32120321	-	907	HiC_scaffold_5	34313008	34313874	-	1564	2	-1	True	block_1	3	False	True							missing_cds			True
OG0010199	Camellia_oleifera	Liriodendron_chinense	Lchi15258	maker-HiC_scaffold_5-snap-gene-339.4-mRNA-1	background	True	True	Lchi15258	maker-HiC_scaffold_5-snap-gene-339.4-mRNA-1	chr3	32560640	32562931	+	920	HiC_scaffold_5	33899311	33901013	-	1550	2	-1	True	block_1	3	False	False							missing_cds			True
OG0003755	Camellia_oleifera	Liriodendron_chinense	Lchi26314	snap_masked-HiC_scaffold_5-processed-gene-618.13-mRNA-1	background	True	True	Lchi26314	snap_masked-HiC_scaffold_5-processed-gene-618.13-mRNA-1	chr3	86542475	86545374	-	1898	HiC_scaffold_5	61827204	61830070	-	2608	2	1	True	block_2	3	False	False							missing_cds			True
OG0014381	Camellia_oleifera	Liriodendron_chinense	Lchi11275	maker-HiC_scaffold_3-snap-gene-8.37-mRNA-1	background	True	True	Lchi11275	maker-HiC_scaffold_3-snap-gene-8.37-mRNA-1	chr4	32939751	33029819	+	740	HiC_scaffold_3	868597	875894	-	33	2	1	True	block_1	3	False	False							missing_cds			True
OG0012860	Camellia_oleifera	Liriodendron_chinense	Lchi11258	augustus_masked-HiC_scaffold_3-processed-gene-10.35-mRNA-1	background	True	True	Lchi11258	augustus_masked-HiC_scaffold_3-processed-gene-10.35-mRNA-1	chr4	35447396	35462796	+	757	HiC_scaffold_3	1019932	1021275	+	44	2	1	True	block_1	3	False	True							missing_cds			True
OG0020164	Camellia_oleifera	Liriodendron_chinense	Lchi16168	maker-HiC_scaffold_6-snap-gene-1426.26-mRNA-1	background	True	True	Lchi16168	maker-HiC_scaffold_6-snap-gene-1426.26-mRNA-1	chr4	81038894	81044599	+	1531	HiC_scaffold_6	142670037	142674583	-	4610	3	-1	True	block_1	4	False	False							missing_cds			True
OG0010890	Castanea_mollissima	Liriodendron_chinense	Lchi17371	CmMahoganyH2.06G056100.1.v1.1	background	True	True	Lchi17371	CmMahoganyH2.06G056100.1.v1.1	chr1	2070164	2073746	-	68	Chr06	15079203	15082252	+	1252	2	-1	True	block_3	3	True	False							missing_cds			True
OG0000704	Castanea_mollissima	Liriodendron_chinense	Lchi21758	CmMahoganyH2.06G040900.1.v1.1	candidate_core	True	True	Lchi21758	CmMahoganyH2.06G040900.1.v1.1	chr1	12101867	12113412	+	361	Chr06	10088594	10092719	+	913	3	1	True	block_7	4	False	False							missing_cds			True
OG0007745	Castanea_mollissima	Liriodendron_chinense	Lchi21037	CmMahoganyH2.09G052700.1.v1.1	background	True	True	Lchi21037	CmMahoganyH2.09G052700.1.v1.1	chr1	60722314	60742938	+	1168	Chr09	10555268	10558801	-	1186	2	-1	True	block_1	3	False	True							missing_cds			True
OG0001508	Castanea_mollissima	Liriodendron_chinense	Lchi04679	CmMahoganyH2.01G296800.1.v1.1	background	True	True	Lchi04679	CmMahoganyH2.01G296800.1.v1.1	chr1	86846579	86864763	+	1627	Chr01	72096570	72105092	+	6847	3	1	True	block_2	10	False	False							missing_cds			True
OG0012095	Castanea_mollissima	Liriodendron_chinense	Lchi01003	CmMahoganyH2.05G051400.1.v1.1	background	True	True	Lchi01003	CmMahoganyH2.05G051400.1.v1.1	chr1	95053209	95072519	-	1845	Chr05	16742562	16751634	+	1182	2	-1	True	block_10	6	False	False							missing_cds			True
OG0009535	Castanea_mollissima	Liriodendron_chinense	Lchi00737	CmMahoganyH2.01G215300.1.v1.1	background	True	True	Lchi00737	CmMahoganyH2.01G215300.1.v1.1	chr1	104007676	104027841	+	2110	Chr01	54512628	54513675	-	4980	5	1	True	block_6	4	True	True	0.3445375569461215	23.741103469825475	0.014512280669010296	ML	413.0	0.5504885993485342	ok	1239.0	936.0	True
OG0000434	Castanea_mollissima	Liriodendron_chinense	Lchi06270	CmMahoganyH2.07G165400.1.v1.1	background	True	True	Lchi06270	CmMahoganyH2.07G165400.1.v1.1	chr1	109642040	109647335	+	2308	Chr07	45305653	45308343	-	3730	7	-1	True	block_1	9	False	False							missing_cds			True
OG0006596	Castanea_mollissima	Liriodendron_chinense	Lchi06366	CmMahoganyH2.02G067500.1.v1.1	background	True	True	Lchi06366	CmMahoganyH2.02G067500.1.v1.1	chr10	3944378	3954638	+	153	Chr02	14503674	14507646	+	1536	3	1	True	block_3	4	False	False							missing_cds			True
OG0003156	Castanea_mollissima	Liriodendron_chinense	Lchi04571	CmMahoganyH2.02G047400.1.v1.1	background	True	True	Lchi04571	CmMahoganyH2.02G047400.1.v1.1	chr10	12414410	12422067	-	395	Chr02	10040298	10048056	+	1086	2	-1	True	block_5	3	False	False							missing_cds			True
OG0009392	Castanea_mollissima	Liriodendron_chinense	Lchi28763	CmMahoganyH2.06G063800.1.v1.1	background	True	True	Lchi28763	CmMahoganyH2.06G063800.1.v1.1	chr10	62003561	62026862	+	1261	Chr06	17688132	17698350	-	1428	2	-1	True	block_1	3	False	False							missing_cds			True
OG0000161	Castanea_mollissima	Liriodendron_chinense	Lchi05001	CmMahoganyH2.06G224700.1.v1.1	candidate_core	True	True	Lchi05001	CmMahoganyH2.06G224700.1.v1.1	chr11	47954232	47955765	+	899	Chr06	57207704	57209364	+	5141	2	1	True	block_1	3	False	False							missing_cds			True
OG0004395	Castanea_mollissima	Liriodendron_chinense	Lchi04871	CmMahoganyH2.06G197900.1.v1.1	candidate_core	True	True	Lchi04871	CmMahoganyH2.06G197900.1.v1.1	chr11	51499687	51529668	-	1027	Chr06	51835902	51848605	+	4503	2	-1	True	block_3	5	False	False							missing_cds			True
OG0007885	Castanea_mollissima	Liriodendron_chinense	Lchi01410	CmMahoganyH2.10G038700.1.v1.1	background	True	True	Lchi01410	CmMahoganyH2.10G038700.1.v1.1	chr11	56200315	56207035	-	1197	Chr10	9179489	9183260	+	883	2	-1	True	block_8	3	False	False							missing_cds			True
OG0012158	Castanea_mollissima	Liriodendron_chinense	Lchi01223	CmMahoganyH2.10G020100.1.v1.1	background	True	True	Lchi01223	CmMahoganyH2.10G020100.1.v1.1	chr11	61376640	61384473	+	1384	Chr10	4429905	4440539	-	457	3	-1	True	block_11	3	False	False							missing_cds			True
OG0003065	Castanea_mollissima	Liriodendron_chinense	Lchi22423	CmMahoganyH2.09G052500.1.v1.1	background	True	True	Lchi22423	CmMahoganyH2.09G052500.1.v1.1	chr12	9066505	9091581	-	222	Chr09	10536368	10542241	+	1182	5	-1	True	block_3	11	False	False							missing_cds			True
OG0011958	Castanea_mollissima	Liriodendron_chinense	Lchi20622	CmMahoganyH2.01G182100.1.v1.1	background	True	True	Lchi20622	CmMahoganyH2.01G182100.1.v1.1	chr12	66080769	66083782	-	1025	Chr01	44725390	44733516	-	4206	2	-1	True	block_2	3	True	True	0.14046165919466355	2.0945165491201103	0.06706161345617936	ML	583.0	0.7940140845070423	ok	1749.0	1719.0	True
OG0016231	Castanea_mollissima	Liriodendron_chinense	Lchi07602	CmMahoganyH2.01G050400.1.v1.1	background	True	True	Lchi07602	CmMahoganyH2.01G050400.1.v1.1	chr12	72039234	72039913	-	1234	Chr01	9566912	9567664	+	1149	2	-1	True	block_5	3	True	True	0.21860391908831944	1.1709646104230025	0.18668704172822984	ML	108.0	0.6728971962616822	ok	324.0	342.0	True
OG0004701	Castanea_mollissima	Liriodendron_chinense	Lchi09081	CmMahoganyH2.07G118000.1.v1.1	background	True	True	Lchi09081	CmMahoganyH2.07G118000.1.v1.1	chr13	766951	796241	-	29	Chr07	34359415	34377537	+	2700	3	-1	True	block_1	5	False	False							missing_cds			True
OG0007953	Castanea_mollissima	Liriodendron_chinense	Lchi13021	CmMahoganyH2.07G072900.1.v1.1	background	True	True	Lchi13021	CmMahoganyH2.07G072900.1.v1.1	chr13	5166330	5182423	+	190	Chr07	20526970	20531649	+	1672	2	1	True	block_3	4	False	True							missing_cds			True
OG0012988	Castanea_mollissima	Liriodendron_chinense	Lchi14969	CmMahoganyH2.02G151000.1.v1.1	background	True	True	Lchi14969	CmMahoganyH2.02G151000.1.v1.1	chr13	12543283	12560151	-	401	Chr02	38828392	38834211	-	3475	3	1	True	block_5	6	False	False							missing_cds			True
OG0000082	Castanea_mollissima	Liriodendron_chinense	Lchi20876	CmMahoganyH2.07G093400.1.v1.1	background	True	True	Lchi20876	CmMahoganyH2.07G093400.1.v1.1	chr13	56573378	56583031	-	1093	Chr07	27549991	27551418	-	2143	6	1	True	block_4	7	False	True							missing_cds			True
OG0006631	Castanea_mollissima	Liriodendron_chinense	Lchi25758	CmMahoganyH2.06G011100.1.v1.1	background	True	True	Lchi25758	CmMahoganyH2.06G011100.1.v1.1	chr14	6473481	6505344	-	171	Chr06	2907055	2911368	-	242	3	1	True	block_1	4	False	False							missing_cds			True
OG0014258	Castanea_mollissima	Liriodendron_chinense	Lchi09633	CmMahoganyH2.01G096000.1.v1.1	background	True	True	Lchi09633	CmMahoganyH2.01G096000.1.v1.1	chr14	59355895	59382097	-	1020	Chr01	18367207	18374518	+	2186	5	-1	True	block_6	6	False	False							missing_cds			True
OG0005182	Castanea_mollissima	Liriodendron_chinense	Lchi08108	CmMahoganyH2.09G139900.1.v1.1	background	True	True	Lchi08108	CmMahoganyH2.09G139900.1.v1.1	chr15	7313597	7335617	-	191	Chr09	33295181	33304479	+	3222	2	-1	True	block_1	3	False	False							missing_cds			True
OG0015273	Castanea_mollissima	Liriodendron_chinense	Lchi12697	CmMahoganyH2.02G090800.1.v1.1	background	True	True	Lchi12697	CmMahoganyH2.02G090800.1.v1.1	chr15	55312659	55328153	-	948	Chr02	20997376	21003149	-	2083	2	1	True	block_1	3	False	False							missing_cds			True
OG0020293	Castanea_mollissima	Liriodendron_chinense	Lchi08512	CmMahoganyH2.06G118200.1.v1.1	background	True	True	Lchi08512	CmMahoganyH2.06G118200.1.v1.1	chr15	71796468	71797564	-	1496	Chr06	36889672	36893662	+	2698	4	-1	True	block_2	5	True	False							missing_cds			True
OG0011314	Castanea_mollissima	Liriodendron_chinense	Lchi07161	CmMahoganyH2.06G083600.1.v1.1	background	True	True	Lchi07161	CmMahoganyH2.06G083600.1.v1.1	chr16	2732312	2736706	-	93	Chr06	25928171	25931225	+	1896	3	-1	True	block_3	4	False	False							missing_cds			True
OG0000443	Castanea_mollissima	Liriodendron_chinense	Lchi17949	CmMahoganyH2.12G078000.1.v1.1	background	True	True	Lchi17949	CmMahoganyH2.12G078000.1.v1.1	chr16	26020732	26039188	+	574	Chr12	17507828	17518491	-	1796	2	-1	True	block_2	3	False	False							missing_cds			True
OG0001013	Castanea_mollissima	Liriodendron_chinense	Lchi23655	CmMahoganyH2.01G038500.1.v1.1	candidate_core	True	True	Lchi23655	CmMahoganyH2.01G038500.1.v1.1	chr16	31054593	31060321	+	736	Chr01	7624335	7626489	-	875	2	-1	True	block_2	5	True	True	0.20532822592136563	22.270789676968622	0.009219620359205592	ML	528.0	0.6730401529636711	ok	1584.0	1578.0	True
OG0006578	Castanea_mollissima	Liriodendron_chinense	Lchi03794	CmMahoganyH2.01G099000.1.v1.1	background	True	True	Lchi03794	CmMahoganyH2.01G099000.1.v1.1	chr17	55788884	55843130	-	854	Chr01	18971477	18997209	+	2254	3	-1	True	block_4	6	False	False							missing_cds			True
OG0022570	Castanea_mollissima	Liriodendron_chinense	Lchi05122	CmMahoganyH2.07G034700.1.v1.1	background	True	True	Lchi05122	CmMahoganyH2.07G034700.1.v1.1	chr17	65703939	65704915	+	1118	Chr07	9282317	9283548	+	779	2	1	True	block_1	3	True	True	0.6602301715494732	2.5066197217987796	0.2633946289530046	ML	112.0	0.41	ok	336.0	324.0	True
OG0018395	Castanea_mollissima	Liriodendron_chinense	Lchi28165	CmMahoganyH2.06G140400.1.v1.1	background	True	True	Lchi28165	CmMahoganyH2.06G140400.1.v1.1	chr18	36881261	36899821	+	745	Chr06	41365246	41366559	+	3180	3	-1	True	block_1	4	True	True	0.26466810537825064	2.195848568472016	0.12053112822912934	ML	244.0	0.6180257510729614	ok	732.0	1311.0	True
OG0005666	Castanea_mollissima	Liriodendron_chinense	Lchi07297	CmMahoganyH2.09G091900.1.v1.1	candidate_core	True	True	Lchi07297	CmMahoganyH2.09G091900.1.v1.1	chr18	65369132	65383081	-	1198	Chr09	19099206	19103618	-	2078	2	1	True	block_7	3	False	False							missing_cds			True
OG0010247	Castanea_mollissima	Liriodendron_chinense	Lchi14377	CmMahoganyH2.01G268100.1.v1.1	background	True	True	Lchi14377	CmMahoganyH2.01G268100.1.v1.1	chr2	3879502	3883700	+	135	Chr01	65550455	65551276	+	6194	2	1	True	block_1	3	True	True	0.18371938680575045	21.128570250673626	0.008695306148313233	ML	152.0	0.7101449275362319	ok	456.0	540.0	True
OG0013840	Castanea_mollissima	Liriodendron_chinense	Lchi01684	CmMahoganyH2.12G001300.1.v1.1	background	True	True	Lchi01684	CmMahoganyH2.12G001300.1.v1.1	chr2	71410739	71412097	-	1470	Chr12	209733	210311	-	26	2	1	True	block_2	3	False	True							missing_cds			True
OG0001660	Castanea_mollissima	Liriodendron_chinense	Lchi26684	CmMahoganyH2.02G186800.1.v1.1	background	True	True	Lchi26684	CmMahoganyH2.02G186800.1.v1.1	chr2	82591242	82612257	+	1819	Chr02	46258270	46262489	-	4298	2	-1	True	block_1	3	True	False							missing_cds			True
OG0013546	Castanea_mollissima	Liriodendron_chinense	Lchi02881	CmMahoganyH2.03G176900.1.v1.1	background	True	True	Lchi02881	CmMahoganyH2.03G176900.1.v1.1	chr2	93750965	93753251	-	2169	Chr03	52887898	52889206	-	4112	3	1	True	block_3	4	True	True	0.26107293102178597	7.620590984883281	0.03425888248557991	ML	190.0	0.6349206349206349	ok	570.0	585.0	True
OG0008507	Castanea_mollissima	Liriodendron_chinense	Lchi09832	CmMahoganyH2.01G136000.1.v1.1	background	True	True	Lchi09832	CmMahoganyH2.01G136000.1.v1.1	chr3	4701678	4710979	-	153	Chr01	27907488	27914347	+	3097	2	-1	True	block_3	3	False	False							missing_cds			True
OG0016093	Castanea_mollissima	Liriodendron_chinense	Lchi06987	CmMahoganyH2.05G122700.1.v1.1	background	True	True	Lchi06987	CmMahoganyH2.05G122700.1.v1.1	chr3	22896265	22903340	+	617	Chr05	48249452	48255667	-	2869	2	-1	True	block_3	3	False	False							missing_cds			True
OG0010034	Castanea_mollissima	Liriodendron_chinense	Lchi21673	CmMahoganyH2.12G135300.1.v1.1	background	True	True	Lchi21673	CmMahoganyH2.12G135300.1.v1.1	chr3	35316921	35324389	-	995	Chr12	36710327	36715596	+	3139	5	-1	True	block_3	7	False	False							missing_cds			True
OG0016036	Castanea_mollissima	Liriodendron_chinense	Lchi18946	CmMahoganyH2.06G162800.1.v1.1	background	True	True	Lchi18946	CmMahoganyH2.06G162800.1.v1.1	chr4	13662495	13674987	-	359	Chr06	45589293	45589913	-	3693	2	1	True	block_3	3	True	True	0.17223731039054974	1.0327041202947516	0.16678282482439427	ML	59.0	0.7288135593220338	ok	177.0	189.0	True
OG0011008	Castanea_mollissima	Liriodendron_chinense	Lchi11296	CmMahoganyH2.09G115900.1.v1.1	background	True	True	Lchi11296	CmMahoganyH2.09G115900.1.v1.1	chr4	31200347	31212326	-	720	Chr09	25317688	25321801	-	2627	2	1	True	block_4	3	False	False							missing_cds			True
OG0001394	Castanea_mollissima	Liriodendron_chinense	Lchi16181	CmMahoganyH2.01G365400.1.v1.1	background	True	True	Lchi16181	CmMahoganyH2.01G365400.1.v1.1	chr4	80697772	80708959	-	1518	Chr01	87254345	87259610	-	8388	2	1	True	block_6	3	False	False							missing_cds			True
OG0005697	Castanea_mollissima	Liriodendron_chinense	Lchi02221	CmMahoganyH2.07G101700.1.v1.1	background	True	True	Lchi02221	CmMahoganyH2.07G101700.1.v1.1	chr4	89890584	89913987	+	1825	Chr07	29540116	29552120	+	2322	2	1	True	block_3	3	False	False							missing_cds			True
OG0008760	Castanea_mollissima	Liriodendron_chinense	Lchi26403	CmMahoganyH2.01G248000.1.v1.1	background	True	True	Lchi26403	CmMahoganyH2.01G248000.1.v1.1	chr5	596557	598052	-	24	Chr01	61548675	61550912	-	5743	2	1	True	block_1	4	False	True							missing_cds			True
OG0007277	Castanea_mollissima	Liriodendron_chinense	Lchi22916	CmMahoganyH2.02G102100.1.v1.1	background	True	True	Lchi22916	CmMahoganyH2.02G102100.1.v1.1	chr5	13989862	14012422	-	413	Chr02	24129788	24137859	-	2348	2	-1	True	block_1	3	False	False							missing_cds			True
OG0015175	Castanea_mollissima	Liriodendron_chinense	Lchi27916	CmMahoganyH2.03G092100.1.v1.1	background	True	True	Lchi27916	CmMahoganyH2.03G092100.1.v1.1	chr5	60501351	60505692	-	1213	Chr03	26407681	26411494	+	2108	2	1	True	block_3	3	False	False							missing_cds			True
OG0000342	Castanea_mollissima	Liriodendron_chinense	Lchi06716	CmMahoganyH2.01G085200.1.v1.1	background	True	True	Lchi06716	CmMahoganyH2.01G085200.1.v1.1	chr6	723519	742183	-	23	Chr01	15903228	15903857	+	1942	7	-1	True	block_1	11	False	True							missing_cds			True
OG0005337	Castanea_mollissima	Liriodendron_chinense	Lchi03556	CmMahoganyH2.01G171100.1.v1.1	background	True	True	Lchi03556	CmMahoganyH2.01G171100.1.v1.1	chr6	15346716	15360530	-	512	Chr01	37334075	37339163	+	3937	3	1	True	block_2	6	False	False							missing_cds			True
OG0020220	Castanea_mollissima	Liriodendron_chinense	Lchi05551	CmMahoganyH2.01G305800.1.v1.1	background	True	True	Lchi05551	CmMahoganyH2.01G305800.1.v1.1	chr6	24023847	24025962	+	764	Chr01	73980373	73982688	-	7048	2	-1	True	block_6	3	False	True							missing_cds			True
OG0001748	Castanea_mollissima	Liriodendron_chinense	Lchi18370	CmMahoganyH2.09G080500.1.v1.1	background	True	True	Lchi18370	CmMahoganyH2.09G080500.1.v1.1	chr6	44429896	44439697	+	1168	Chr09	16518544	16522797	+	1819	4	1	True	block_2	4	False	False							missing_cds			True
OG0010233	Castanea_mollissima	Liriodendron_chinense	Lchi19663	CmMahoganyH2.01G088800.1.v1.1	background	True	True	Lchi19663	CmMahoganyH2.01G088800.1.v1.1	chr7	4551418	4577047	+	150	Chr01	16617906	16630431	-	2027	4	-1	True	block_1	6	False	False							missing_cds			True
OG0012041	Castanea_mollissima	Liriodendron_chinense	Lchi26066	CmMahoganyH2.09G150100.1.v1.1	background	True	True	Lchi26066	CmMahoganyH2.09G150100.1.v1.1	chr7	63113575	63122271	-	1101	Chr09	36918485	36923714	+	3455	2	-1	True	block_3	3	False	False							missing_cds			True
OG0008316	Castanea_mollissima	Liriodendron_chinense	Lchi20230	CmMahoganyH2.09G127300.1.v1.1	background	True	True	Lchi20230	CmMahoganyH2.09G127300.1.v1.1	chr8	3947158	3949566	+	119	Chr09	29890453	29893517	+	2920	4	1	True	block_2	5	True	False							missing_cds			True
OG0017188	Castanea_mollissima	Liriodendron_chinense	Lchi06063	CmMahoganyH2.10G043300.1.v1.1	background	True	True	Lchi06063	CmMahoganyH2.10G043300.1.v1.1	chr8	70359313	70364514	+	1323	Chr10	10644695	10646461	-	1000	2	-1	True	block_1	5	False	False							missing_cds			True
OG0009709	Liquidambar	Liriodendron_chinense	Lchi17309	KAK9284574.1	background	True	True	Lchi17309	rna-gnl|WGS:JBBPBK|evm.model.HIC_ASM_4.605	chr1	238479	250605	+	6	CM077824.1	9127944	9135099	-	952	2	-1	True	block_1	3	False	False							missing_cds			True
OG0001041	Liquidambar	Liriodendron_chinense	Lchi13403	KAK9284479.1	candidate_core	True	True	Lchi13403	rna-gnl|WGS:JBBPBK|evm.model.HIC_ASM_4.719	chr1	16093220	16112645	-	464	CM077824.1	11748461	11751004	+	1128	2	1	True	block_4	3	False	False							missing_cds			True
OG0003853	Liquidambar	Liriodendron_chinense	Lchi04718	KAK9269365.1	background	True	True	Lchi04718	rna-gnl|WGS:JBBPBK|evm.model.HIC_ASM_14.1576	chr1	88557025	88572549	+	1662	CM077834.1	30338272	30344576	-	2483	4	-1	True	block_4	10	False	False							missing_cds			True
OG0006431	Liquidambar	Liriodendron_chinense	Lchi00974	KAK9269392.1	background	True	True	Lchi00974	rna-gnl|WGS:JBBPBK|evm.model.HIC_ASM_14.1669	chr1	96015620	96034842	-	1874	CM077834.1	31371882	31374111	-	2659	3	1	True	block_5	10	True	False							missing_cds			True
OG0017309	Liquidambar	Liriodendron_chinense	Lchi00731	KAK9275614.1	background	True	True	Lchi00731	rna-gnl|WGS:JBBPBK|evm.model.HIC_ASM_10.653	chr1	104122994	104124313	-	2116	CM077830.1	7772968	7774431	-	1189	2	1	True	block_3	3	False	False							missing_cds			True
OG0008328	Liquidambar	Liriodendron_chinense	Lchi06182	KAK9273742.1	background	True	True	Lchi06182	rna-gnl|WGS:JBBPBK|evm.model.HIC_ASM_11.1628	chr1	111961405	111968192	-	2395	CM077831.1	33328953	33333584	+	2558	2	-1	True	block_10	4	True	False							missing_cds			True
OG0001378	Liquidambar	Liriodendron_chinense	Lchi06363	KAK9289089.1	background	True	True	Lchi06363	rna-gnl|WGS:JBBPBK|evm.model.HIC_ASM_2.331	chr10	3824446	3852769	-	150	CM077822.1	3996199	4004551	-	588	5	1	True	block_4	8	False	False							missing_cds			True
OG0014592	Liquidambar	Liriodendron_chinense	Lchi04604	KAK9281916.1	background	True	True	Lchi04604	rna-gnl|WGS:JBBPBK|evm.model.HIC_ASM_6.253	chr10	11327523	11354713	+	362	CM077826.1	1856340	1856772	+	461	2	1	True	block_5	9	False	False							missing_cds			True
OG0010256	Liquidambar	Liriodendron_chinense	Lchi19756	KAK9289075.1	background	True	True	Lchi19756	rna-gnl|WGS:JBBPBK|evm.model.HIC_ASM_2.633	chr10	49394282	49442856	-	970	CM077822.1	7522309	7524377	+	1119	2	-1	True	block_9	3	False	False							missing_cds			True
OG0020212	Liquidambar	Liriodendron_chinense	Lchi13319	KAK9280912.1	background	True	True	Lchi13319	rna-gnl|WGS:JBBPBK|evm.model.HIC_ASM_6.602	chr11	30929945	30935731	+	496	CM077826.1	5355607	5356614	+	1108	4	1	True	block_1	10	False	True							missing_cds			True
OG0010781	Liquidambar	Liriodendron_chinense	Lchi23486	KAK9277373.1	background	True	True	Lchi23486	rna-gnl|WGS:JBBPBK|evm.model.HIC_ASM_9.1441	chr11	53611819	53621591	+	1094	CM077829.1	16096540	16103355	+	2620	2	1	True	block_5	3	False	False							missing_cds			True
OG0004087	Liquidambar	Liriodendron_chinense	Lchi01351	KAK9275193.1	background	True	True	Lchi01351	rna-gnl|WGS:JBBPBK|evm.model.HIC_ASM_10.1950	chr11	57895018	57914314	-	1256	CM077830.1	36218728	36222865	-	3147	3	1	True	block_6	4	False	False							missing_cds			True
OG0007229	Liquidambar	Liriodendron_chinense	Lchi26150	KAK9272959.1	background	True	True	Lchi26150	rna-gnl|WGS:JBBPBK|evm.model.HIC_ASM_12.1670	chr12	470019	491779	+	13	CM077832.1	30453616	30467265	-	2674	2	1	True	block_1	3	False	False							missing_cds			True
OG0002421	Liquidambar	Liriodendron_chinense	Lchi10583	KAK9290248.1	background	True	True	Lchi10583	rna-gnl|WGS:JBBPBK|evm.model.HIC_ASM_1.1575	chr12	15725973	15833988	+	358	CM077821.1	38158212	38166845	-	2190	4	-1	True	block_5	7	False	False							missing_cds			True
OG0000296	Liquidambar	Liriodendron_chinense	Lchi07506	KAK9272103.1	candidate_core	True	True	Lchi07506	rna-gnl|WGS:JBBPBK|evm.model.HIC_ASM_12.394	chr12	69642743	69666428	+	1138	CM077832.1	3541797	3549582	-	718	2	-1	True	block_2	9	False	False							missing_cds			True
OG0002094	Liquidambar	Liriodendron_chinense	Lchi09025	KAK9285293.1	background	True	True	Lchi09025	rna-gnl|WGS:JBBPBK|evm.model.HIC_ASM_4.2061.1	chr13	2441593	2473044	-	85	CM077824.1	38695606	38710297	+	3107	4	-1	True	block_3	8	False	False							missing_cds			True
OG0012263	Liquidambar	Liriodendron_chinense	Lchi18262	KAK9270724.1	background	True	True	Lchi18262	rna-gnl|WGS:JBBPBK|evm.model.HIC_ASM_13.1172	chr13	8186625	8211263	+	286	CM077833.1	24834244	24842606	+	1836	3	1	True	block_5	4	False	False							missing_cds			True
OG0002609	Liquidambar	Liriodendron_chinense	Lchi29068	KAK9272488.1	candidate_core	True	True	Lchi29068	rna-gnl|WGS:JBBPBK|evm.model.HIC_ASM_12.813	chr13	41347102	41350503	+	803	CM077832.1	9092233	9095682	+	1419	2	1	True	block_2	3	False	False							missing_cds			True
OG0009665	Liquidambar	Liriodendron_chinense	Lchi09591	KAK9275800.1	background	True	True	Lchi09591	rna-gnl|WGS:JBBPBK|evm.model.HIC_ASM_10.1098_1099	chr14	57816064	57841686	+	979	CM077830.1	15499625	15506343	-	1892	3	-1	True	block_2	10	False	False							missing_cds			True
OG0008083	Liquidambar	Liriodendron_chinense	Lchi03290	KAK9274487.1	background	True	True	Lchi03290	rna-gnl|WGS:JBBPBK|evm.model.HIC_ASM_10.819	chr14	67326560	67335400	+	1238	CM077830.1	10418381	10420582	+	1435	2	-1	True	block_6	8	True	True	0.33246774274205904	2.45794326921584	0.1352625778251288	ML	500.0	0.5764462809917356	ok	1500.0	1683.0	True
OG0018424	Liquidambar	Liriodendron_chinense	Lchi08030	KAK9277414.1	background	True	True	Lchi08030	rna-gnl|WGS:JBBPBK|evm.model.HIC_ASM_9.186	chr15	11032705	11036739	+	269	CM077829.1	1650175	1651245	-	356	2	1	True	block_1	6	True	True	0.4120514830197097	1.8490977831412532	0.22283920665337412	ML	191.0	0.47023809523809523	ok	573.0	978.0	True
OG0010624	Liquidambar	Liriodendron_chinense	Lchi12685	KAK9287764.1	background	True	True	Lchi12685	rna-gnl|WGS:JBBPBK|evm.model.HIC_ASM_2.1023.3	chr15	55636713	55673008	+	960	CM077822.1	13952512	13965546	+	1770	5	1	True	block_2	6	False	False							missing_cds			True
OG0005621	Liquidambar	Liriodendron_chinense	Lchi08621	KAK9275765.1	background	True	True	Lchi08621	rna-gnl|WGS:JBBPBK|evm.model.HIC_ASM_10.228	chr15	74385872	74398126	-	1605	CM077830.1	3220818	3228209	+	399	4	-1	True	block_1	6	False	False							missing_cds			True
OG0012888	Liquidambar	Liriodendron_chinense	Lchi14671	KAK9276104.1	background	True	True	Lchi14671	rna-gnl|WGS:JBBPBK|evm.model.HIC_ASM_9.783	chr16	9101879	9108373	+	257	CM077829.1	7368905	7371922	-	1460	5	-1	True	block_1	6	False	False							missing_cds			True
OG0016049	Liquidambar	Liriodendron_chinense	Lchi13925	KAK9285052.1	background	True	True	Lchi13925	rna-gnl|WGS:JBBPBK|evm.model.HIC_ASM_4.2014	chr16	27308938	27310738	+	635	CM077824.1	38326351	38327832	+	3029	4	1	True	block_5	7	False	True							missing_cds			True
OG0002959	Liquidambar	Liriodendron_chinense	Lchi16864	KAK9269587.1	candidate_core	True	True	Lchi16864	rna-gnl|WGS:JBBPBK|evm.model.HIC_ASM_14.77	chr17	1943211	1952480	+	57	CM077834.1	957026	961907	-	94	4	-1	True	block_1	7	False	False							missing_cds			True
OG0007936	Liquidambar	Liriodendron_chinense	Lchi17433	KAK9269669.1	background	True	True	Lchi17433	rna-gnl|WGS:JBBPBK|evm.model.HIC_ASM_14.1300	chr17	45499394	45503195	-	670	CM077834.1	25498643	25511271	+	2022	2	-1	True	block_7	4	False	False							missing_cds			True
OG0003327	Liquidambar	Liriodendron_chinense	Lchi25646	KAK9291197.1	candidate_core	True	True	Lchi25646	rna-gnl|WGS:JBBPBK|evm.model.HIC_ASM_1.2343.1	chr18	588113	591951	+	19	CM077821.1	47437196	47441171	-	3542	3	-1	True	block_1	4	False	False							missing_cds			True
OG0005615	Liquidambar	Liriodendron_chinense	Lchi18177	KAK9269142.1	background	True	True	Lchi18177	rna-gnl|WGS:JBBPBK|evm.model.HIC_ASM_14.1145	chr19	23345610	23399410	+	516	CM077834.1	22135782	22173853	-	1796	2	-1	True	block_2	3	False	False							missing_cds			True
OG0002359	Liquidambar	Liriodendron_chinense	Lchi25169	KAK9272318.1	candidate_core	True	True	Lchi25169	rna-gnl|WGS:JBBPBK|evm.model.HIC_ASM_12.413	chr2	7661366	7669117	-	242	CM077832.1	3757144	3764340	+	754	3	-1	True	block_3	4	False	False							missing_cds			True
OG0010208	Liquidambar	Liriodendron_chinense	Lchi12136	KAK9270188.1	background	True	True	Lchi12136	rna-gnl|WGS:JBBPBK|evm.model.HIC_ASM_13.1871	chr2	55479559	55515931	-	1067	CM077833.1	31748001	31752607	+	3108	3	-1	True	block_7	5	True	False							missing_cds			True
OG0010142	Liquidambar	Liriodendron_chinense	Lchi01835	KAK9270613.1	background	True	True	Lchi01835	rna-gnl|WGS:JBBPBK|evm.model.HIC_ASM_13.628	chr2	75682256	75687906	-	1621	CM077833.1	18150801	18155678	+	866	2	-1	True	block_13	3	False	False							missing_cds			True
OG0004840	Liquidambar	Liriodendron_chinense	Lchi13750	KAK9285850.1	background	True	True	Lchi13750	rna-gnl|WGS:JBBPBK|evm.model.HIC_ASM_4.1499	chr2	85450377	85471412	+	1892	CM077824.1	30722474	30733624	-	2134	2	-1	True	block_2	3	False	False							missing_cds			True
OG0001742	Liquidambar	Liriodendron_chinense	Lchi02865	KAK9272032.1	background	True	True	Lchi02865	rna-gnl|WGS:JBBPBK|evm.model.HIC_ASM_12.690	chr2	94146149	94156592	-	2184	CM077832.1	7339289	7342690	-	1220	2	1	True	block_7	3	True	True	0.5052233642153676	4.247433387276211	0.11894791940206427	ML	348.0	0.5152439024390244	ok	1044.0	1413.0	True
OG0011588	Liquidambar	Liriodendron_chinense	Lchi26940	KAK9288815.1	background	True	True	Lchi26940	rna-gnl|WGS:JBBPBK|evm.model.HIC_ASM_2.1219	chr3	26097180	26114880	+	737	CM077822.1	17741409	17749031	+	2060	2	-1	True	block_1	3	True	True	0.05327861082771227	1.2686409587211425	0.041996603106224745	ML	394.0	0.899390243902439	ok	1182.0	984.0	True
OG0020332	Liquidambar	Liriodendron_chinense	Lchi14775	KAK9287936.1	background	True	True	Lchi14775	rna-gnl|WGS:JBBPBK|evm.model.HIC_ASM_2.2037	chr3	46016574	46020711	+	1264	CM077822.1	42836473	42838002	-	3134	5	-1	True	block_6	6	False	True							missing_cds			True
OG0008526	Liquidambar	Liriodendron_chinense	Lchi17183	KAK9288175.1	background	True	True	Lchi17183	rna-gnl|WGS:JBBPBK|evm.model.HIC_ASM_2.1598	chr3	81012495	81105398	-	1812	CM077822.1	30028839	30060864	-	2532	3	1	True	block_10	4	False	False							missing_cds			True
OG0015361	Liquidambar	Liriodendron_chinense	Lchi04091	KAK9290362.1	background	True	True	Lchi04091	rna-gnl|WGS:JBBPBK|evm.model.HIC_ASM_1.1326	chr4	10658229	10678991	-	280	CM077821.1	33513692	33518779	+	1820	2	-1	True	block_4	3	False	False							missing_cds			True
OG0001844	Liquidambar	Liriodendron_chinense	Lchi09356	KAK9285793.1	background	True	True	Lchi09356	rna-gnl|WGS:JBBPBK|evm.model.HIC_ASM_4.2431	chr4	50005794	50008253	+	951	CM077824.1	42869787	42874799	+	3794	2	-1	True	block_3	3	False	True							missing_cds			True
OG0017395	Liquidambar	Liriodendron_chinense	Lchi02071	KAK9270114.1	background	True	True	Lchi02071	rna-gnl|WGS:JBBPBK|evm.model.HIC_ASM_13.1131	chr4	85610875	85616442	+	1675	CM077833.1	24488137	24491384	+	1764	2	1	True	block_7	9	False	True							missing_cds			True
OG0014354	Liquidambar	Liriodendron_chinense	Lchi09770	KAK9271759.1	background	True	True	Lchi09770	rna-gnl|WGS:JBBPBK|evm.model.HIC_ASM_12.1888	chr4	95697276	95702638	+	2024	CM077832.1	34378510	34385433	-	3032	2	-1	True	block_1	3	False	False							missing_cds			True
OG0000062	Liquidambar	Liriodendron_chinense	Lchi14338	KAK9277490.1	candidate_core	True	True	Lchi14338	rna-gnl|WGS:JBBPBK|evm.model.HIC_ASM_9.638	chr4	101598491	101600199	-	2257	CM077829.1	6033674	6035921	-	1192	4	1	True	block_2	6	False	False							missing_cds			True
OG0011972	Liquidambar	Liriodendron_chinense	Lchi02488	KAK9276716.1	background	True	True	Lchi02488	rna-gnl|WGS:JBBPBK|evm.model.HIC_ASM_9.112	chr5	3915487	3926002	-	150	CM077829.1	970802	975499	+	210	2	-1	True	block_3	3	False	False							missing_cds			True
OG0009656	Liquidambar	Liriodendron_chinense	Lchi16722	KAK9272568.1	background	True	True	Lchi16722	rna-gnl|WGS:JBBPBK|evm.model.HIC_ASM_12.30	chr5	10728360	10734133	+	325	CM077832.1	222903	224422	-	54	4	-1	True	block_4	5	True	True	0.2700409263531262	3.765270976739044	0.07171885583305301	ML	306.0	0.6208053691275168	ok	918.0	906.0	True
OG0015320	Liquidambar	Liriodendron_chinense	Lchi27912	KAK9276669.1	background	True	True	Lchi27912	rna-gnl|WGS:JBBPBK|evm.model.HIC_ASM_9.1344	chr5	60342258	60347005	+	1209	CM077829.1	14781983	14783245	+	2447	5	1	True	block_10	6	True	True	0.3884351782684112	13.428038238175898	0.02892717248630484	ML	408.0	0.5026595744680851	ok	1224.0	1260.0	True
OG0005056	Liquidambar	Liriodendron_chinense	Lchi06715	KAK9271211.1	background	True	True	Lchi06715	rna-gnl|WGS:JBBPBK|evm.model.HIC_ASM_13.1980	chr6	689832	709509	-	22	CM077833.1	32647053	32655157	+	3308	5	-1	True	block_1	12	False	False							missing_cds			True
OG0009644	Liquidambar	Liriodendron_chinense	Lchi22386	KAK9274190.1	background	True	True	Lchi22386	rna-gnl|WGS:JBBPBK|evm.model.HIC_ASM_11.1588	chr6	6479040	6522570	-	213	CM077831.1	32973141	32985251	+	2486	2	1	True	block_3	3	False	False							missing_cds			True
OG0015102	Liquidambar	Liriodendron_chinense	Lchi08878	KAK9269207.1	background	True	True	Lchi08878	rna-gnl|WGS:JBBPBK|evm.model.HIC_ASM_14.1677	chr6	19461481	19462681	-	628	CM077834.1	31466845	31469094	+	2675	6	-1	True	block_2	13	False	False							missing_cds			True
OG0006908	Liquidambar	Liriodendron_chinense	Lchi17473	KAK9281409.1	background	True	True	Lchi17473	rna-gnl|WGS:JBBPBK|evm.model.HIC_ASM_6.1368	chr6	35619835	35661187	+	966	CM077826.1	18205227	18226922	+	2440	3	1	True	block_4	4	False	False							missing_cds			True
OG0011289	Liquidambar	Liriodendron_chinense	Lchi19673	KAK9273901.1	background	True	True	Lchi19673	rna-gnl|WGS:JBBPBK|evm.model.HIC_ASM_11.1269	chr7	4384022	4391641	+	140	CM077831.1	29368367	29372503	-	1894	5	-1	True	block_1	9	False	False							missing_cds			True
OG0004537	Liquidambar	Liriodendron_chinense	Lchi05813	KAK9272877.1	background	True	True	Lchi05813	rna-gnl|WGS:JBBPBK|evm.model.HIC_ASM_12.1309	chr7	10321391	10357952	-	289	CM077832.1	18845008	18887155	-	2189	2	-1	True	block_1	3	False	False							missing_cds			True
OG0012715	Liquidambar	Liriodendron_chinense	Lchi24629	KAK9287599.1	background	True	True	Lchi24629	rna-gnl|WGS:JBBPBK|evm.model.HIC_ASM_2.711	chr8	2672311	2676316	+	86	CM077822.1	8481074	8484443	+	1255	2	1	True	block_2	3	False	False							missing_cds			True
OG0005620	Liquidambar	Liriodendron_chinense	Lchi06586	KAK9275097.1	background	True	True	Lchi06586	rna-gnl|WGS:JBBPBK|evm.model.HIC_ASM_10.346	chr8	47835595	47840838	+	887	CM077830.1	4614426	4617897	+	623	2	-1	True	block_1	5	False	False							missing_cds			True
OG0001041	Liquidambar	Liriodendron_chinense	Lchi06058	KAK9274262.1	candidate_core	True	True	Lchi06058	rna-gnl|WGS:JBBPBK|evm.model.HIC_ASM_11.753.1	chr8	70550885	70552647	-	1328	CM077831.1	22987596	22989276	-	953	2	1	True	block_3	4	False	False							missing_cds			True
OG0013538	Liquidambar	Liriodendron_chinense	Lchi08363	KAK9275476.1	background	True	True	Lchi08363	rna-gnl|WGS:JBBPBK|evm.model.HIC_ASM_10.139	chr8	78792281	78803566	-	1627	CM077830.1	2200063	2205320	+	228	2	1	True	block_6	5	False	False							missing_cds			True
OG0007058	QuercusSuber	Liriodendron_chinense	Lchi12953	XP_065634068.1	background	True	True	Lchi12953	rna-XM_065777996.1	chr1	9455868	9489485	+	280	NW_027069631.1	226089	234595	+	43	2	-1	True	block_1	3	False	False							missing_cds			True
OG0006392	QuercusSuber	Liriodendron_chinense	Lchi12957	XP_023886815.2	background	True	True	Lchi12957	rna-XM_024031047.2	chr1	9543309	9548730	-	284	NW_027069631.1	184934	187360	+	40	2	-1	True	block_1	3	False	False							missing_cds			True
OG0014286	QuercusSuber	Liriodendron_chinense	Lchi12963	XP_065634066.1	candidate_core	True	True	Lchi12963	rna-XM_065777994.1	chr1	9718138	9722101	-	290	NW_027069631.1	113714	116562	+	23	3	-1	True	block_1	3	True	True	0.13393941493175973	2.759022702733358	0.04854596332210903	ML	168.0	0.7914110429447853	ok	504.0	516.0	True
OG0013470	QuercusSuber	Liriodendron_chinense	Lchi21729	XP_065628581.1	background	True	True	Lchi21729	rna-XM_065772509.1	chr1	11036945	11037672	-	332	NW_027069525.1	105449	109387	-	23	2	1	True	block_1	3	False	False							missing_cds			True
OG0016071	QuercusSuber	Liriodendron_chinense	Lchi21731	XP_023877072.1	background	True	True	Lchi21731	rna-XM_024021304.2	chr1	11113915	11115043	+	334	NW_027069525.1	181311	184353	+	34	2	1	True	block_1	3	True	True	0.16820584879767128	1.8798136761766444	0.08948006439648071	ML	313.0	0.7156549520766773	ok	939.0	2316.0	True
OG0009970	QuercusSuber	Liriodendron_chinense	Lchi21735	XP_023877068.1	background	True	True	Lchi21735	rna-XM_024021300.2	chr1	11197033	11197574	+	338	NW_027069525.1	231820	232756	+	43	2	1	True	block_1	3	True	True	0.2881863470412641	4.164687517421438	0.06919759185671015	ML	119.0	0.603448275862069	ok	357.0	360.0	True
OG0012260	QuercusSuber	Liriodendron_chinense	Lchi06282	XP_065628570.1	background	True	True	Lchi06282	rna-XM_065772498.1	chr1	109365036	109371260	+	2296	NW_027069525.1	1235725	1241927	+	187	2	1	True	block_2	3	False	False							missing_cds			True
OG0012950	QuercusSuber	Liriodendron_chinense	Lchi06277	XP_023898777.1	background	True	True	Lchi06277	rna-XM_024043009.2	chr1	109489007	109500656	-	2301	NW_027069525.1	1260867	1264501	-	194	2	1	True	block_2	3	False	False							missing_cds			True
OG0002045	QuercusSuber	Liriodendron_chinense	Lchi06271	XP_065628618.1	background	True	True	Lchi06271	rna-XM_065772546.1	chr1	109636989	109639770	+	2307	NW_027069525.1	1279427	1302656	+	200	2	1	True	block_2	3	False	False							missing_cds			True
OG0012829	QuercusSuber	Liriodendron_chinense	Lchi06447	XP_023895855.2	background	True	True	Lchi06447	rna-XM_024040087.2	chr10	6580043	6604295	-	233	NW_027069473.1	1273017	1280267	+	156	2	-1	True	block_1	3	False	False							missing_cds			True
OG0011690	QuercusSuber	Liriodendron_chinense	Lchi06454	XP_023895865.1	background	True	True	Lchi06454	rna-XM_024040097.2	chr10	6791735	6848094	+	240	NW_027069473.1	1180337	1190654	-	148	2	-1	True	block_1	3	False	False							missing_cds			True
OG0010363	QuercusSuber	Liriodendron_chinense	Lchi06457	XP_023895874.1	background	True	True	Lchi06457	rna-XM_024040106.2	chr10	6941009	6956044	+	243	NW_027069473.1	1170014	1178325	-	144	2	-1	True	block_1	3	False	False							missing_cds			True
OG0013683	QuercusSuber	Liriodendron_chinense	Lchi20494	XP_065617074.1	background	True	True	Lchi20494	rna-XM_065761002.1	chr10	35988933	36022079	+	799	NW_027069483.1	2445879	2448820	+	420	2	1	True	block_1	3	False	False							missing_cds			True
OG0000825	QuercusSuber	Liriodendron_chinense	Lchi20499	XP_023879690.1	background	True	True	Lchi20499	rna-XM_024023922.2	chr10	36210449	36214722	-	804	NW_027069483.1	2461447	2466877	+	426	2	1	True	block_1	3	False	False							missing_cds			True
OG0014538	QuercusSuber	Liriodendron_chinense	Lchi20500	XP_023879670.1	background	True	True	Lchi20500	rna-XM_024023902.2	chr10	36230358	36262436	-	805	NW_027069483.1	2486107	2497909	-	432	2	1	True	block_1	3	False	False							missing_cds			True
OG0009667	QuercusSuber	Liriodendron_chinense	Lchi19752	XP_023911911.1	background	True	True	Lchi19752	rna-XM_024056143.2	chr10	49647994	49666847	-	974	NW_027069473.1	2400400	2408483	-	303	2	1	True	block_2	3	False	False							missing_cds			True
OG0012974	QuercusSuber	Liriodendron_chinense	Lchi19749	XP_023911909.1	background	True	True	Lchi19749	rna-XM_024056141.2	chr10	49689293	49719353	-	977	NW_027069473.1	2411458	2418758	-	305	2	1	True	block_2	3	False	False							missing_cds			True
OG0002479	QuercusSuber	Liriodendron_chinense	Lchi19747	XP_023911851.1	background	True	True	Lchi19747	rna-XM_024056083.2	chr10	49801717	49821253	+	979	NW_027069473.1	2469649	2471308	+	307	2	1	True	block_2	3	True	True	0.5657415083455198	3.395493226281923	0.16661541362136917	ML	375.0	0.4483985765124555	ok	1125.0	1113.0	True
OG0015242	QuercusSuber	Liriodendron_chinense	Lchi22432	XP_023898956.1	background	True	True	Lchi22432	rna-XM_024043188.2	chr12	8772252	8776448	+	213	NW_027069483.1	1854138	1855705	-	335	2	-1	True	block_1	3	True	True	0.5384651911682091	1.3724934927633619	0.3923262252297239	ML	118.0	0.4367816091954023	ok	354.0	291.0	True
OG0002016	QuercusSuber	Liriodendron_chinense	Lchi22425	XP_023886237.1	candidate_core	True	True	Lchi22425	rna-XM_024030469.2	chr12	8953930	8955113	-	220	NW_027069483.1	1806975	1808703	+	316	2	-1	True	block_1	3	False	True							missing_cds			True
OG0000729	QuercusSuber	Liriodendron_chinense	Lchi22424	XP_065617277.1	candidate_core	True	True	Lchi22424	rna-XM_065761205.1	chr12	9049442	9055472	-	221	NW_027069483.1	1781798	1789699	+	312	2	-1	True	block_1	3	False	False							missing_cds			True
OG0010580	QuercusSuber	Liriodendron_chinense	Lchi09014	XP_023926621.1	candidate_core	True	True	Lchi09014	rna-XM_024070853.2	chr13	2679745	2682071	-	96	NW_027069484.1	1281882	1284770	+	211	3	-1	True	block_1	4	True	True	0.06994738501283035	2.497225520147027	0.028010039321043026	ML	332.0	0.8765060240963856	ok	996.0	999.0	True
OG0004849	QuercusSuber	Liriodendron_chinense	Lchi09010	XP_023926642.1	background	True	True	Lchi09010	rna-XM_024070874.2	chr13	2746979	2753171	-	100	NW_027069484.1	1261314	1264658	+	205	3	-1	True	block_1	4	False	False							missing_cds			True
OG0000899	QuercusSuber	Liriodendron_chinense	Lchi09006	XP_023926665.2	background	True	True	Lchi09006	rna-XM_024070897.2	chr13	2785501	2788574	-	104	NW_027069484.1	1240885	1243446	+	203	3	-1	True	block_1	4	False	True							missing_cds			True
OG0010271	QuercusSuber	Liriodendron_chinense	Lchi09005	XP_023926632.2	background	True	True	Lchi09005	rna-XM_024070864.2	chr13	2802177	2821235	+	105	NW_027069484.1	1219322	1220786	-	195	3	-1	True	block_1	4	False	False							missing_cds			True
OG0006899	QuercusSuber	Liriodendron_chinense	Lchi09581	XP_023874576.2	background	True	True	Lchi09581	rna-XM_024018808.2	chr14	57327548	57337352	-	969	NW_027069600.1	881194	883386	-	136	2	1	True	block_1	4	False	True							missing_cds			True
OG0007852	QuercusSuber	Liriodendron_chinense	Lchi09582	XP_065632746.1	background	True	True	Lchi09582	rna-XM_065776674.1	chr14	57390190	57414956	+	970	NW_027069600.1	907808	919603	+	138	3	1	True	block_1	4	False	False							missing_cds			True
OG0010918	QuercusSuber	Liriodendron_chinense	Lchi09589	XP_023912652.2	background	True	True	Lchi09589	rna-XM_024056884.2	chr14	57725369	57739340	-	977	NW_027069600.1	1001905	1007237	-	152	3	1	True	block_1	4	False	False							missing_cds			True
OG0009665	QuercusSuber	Liriodendron_chinense	Lchi09591	XP_065632721.1	background	True	True	Lchi09591	rna-XM_065776649.1	chr14	57816064	57841686	+	979	NW_027069600.1	1036924	1042443	+	158	2	1	True	block_1	4	False	False							missing_cds			True
OG0003758	QuercusSuber	Liriodendron_chinense	Lchi03886	XP_065631206.1	candidate_core	True	True	Lchi03886	rna-XM_065775134.1	chr15	69161395	69170801	+	1415	NW_027069473.1	3230666	3231127	-	422	2	1	True	block_1	3	True	True	0.17329810601260012	2.9565218271910187	0.05861553411132772	ML	433.0	0.75	ok	1299.0	459.0	True
OG0022557	QuercusSuber	Liriodendron_chinense	Lchi03882	XP_023879778.2	background	True	True	Lchi03882	rna-XM_024024010.2	chr15	69243012	69272334	-	1418	NW_027069473.1	3270727	3273841	-	432	2	1	True	block_1	3	False	False							missing_cds			True
OG0010225	QuercusSuber	Liriodendron_chinense	Lchi03876	XP_023879786.1	background	True	True	Lchi03876	rna-XM_024024018.2	chr15	69386175	69401570	+	1425	NW_027069473.1	3275023	3287204	+	434	2	1	True	block_1	3	False	False							missing_cds			True
OG0012252	QuercusSuber	Liriodendron_chinense	Lchi14606	XP_023927829.2	candidate_core	True	True	Lchi14606	rna-XM_024072061.2	chr17	7317126	7323625	-	194	NW_027069492.1	228350	231332	-	19	2	1	True	block_1	3	False	False							missing_cds			True
OG0008290	QuercusSuber	Liriodendron_chinense	Lchi14612	XP_065624749.1	background	True	True	Lchi14612	rna-XM_065768677.1	chr17	7461893	7481576	+	200	NW_027069492.1	267620	271743	+	29	2	1	True	block_1	3	False	False							missing_cds			True
OG0003000	QuercusSuber	Liriodendron_chinense	Lchi14620	XP_023896894.1	background	True	True	Lchi14620	rna-XM_024041126.2	chr17	7596827	7608641	+	208	NW_027069492.1	291129	300163	+	32	2	1	True	block_1	3	False	False							missing_cds			True
OG0017260	QuercusSuber	Liriodendron_chinense	Lchi12830	XP_023920703.2	background	True	True	Lchi12830	rna-XM_024064935.2	chr18	8582443	8592556	-	261	NW_027069512.1	833097	835138	+	101	3	-1	True	block_1	5	False	False							missing_cds			True
OG0006473	QuercusSuber	Liriodendron_chinense	Lchi12828	XP_023920680.2	background	True	True	Lchi12828	rna-XM_024064912.2	chr18	8611716	8630189	+	263	NW_027069512.1	819655	823934	-	98	4	-1	True	block_1	5	True	True	0.13854588364981144	1.5029010344162543	0.09218563330327628	ML	836.0	0.7987341772151899	ok	2508.0	2427.0	True
OG0000006	QuercusSuber	Liriodendron_chinense	Lchi12825	XP_023920666.1	background	True	True	Lchi12825	rna-XM_024064898.2	chr18	8670948	8683503	+	266	NW_027069512.1	805220	808027	-	93	4	-1	True	block_1	5	False	False							missing_cds			True
OG0012841	QuercusSuber	Liriodendron_chinense	Lchi12823	XP_023899104.1	background	True	True	Lchi12823	rna-XM_024043336.2	chr18	8700840	8720558	+	268	NW_027069512.1	777811	778802	-	86	4	-1	True	block_1	5	True	True	0.2562269722595056	2.393183285807097	0.10706533585583415	ML	93.0	0.6236559139784946	ok	279.0	504.0	True
OG0003142	QuercusSuber	Liriodendron_chinense	Lchi12817	XP_023879946.2	background	True	True	Lchi12817	rna-XM_024024178.2	chr18	8901485	8910632	+	274	NW_027069512.1	676969	679098	-	78	3	-1	True	block_1	5	False	False							missing_cds			True
OG0001506	QuercusSuber	Liriodendron_chinense	Lchi11639	XP_065637384.1	background	True	True	Lchi11639	rna-XM_065781312.1	chr3	9870845	9874967	-	336	NW_027069479.1	1852522	1860815	+	257	2	-1	True	block_1	3	False	False							missing_cds			True
OG0002063	QuercusSuber	Liriodendron_chinense	Lchi11637	XP_023925709.1	background	True	True	Lchi11637	rna-XM_024069941.2	chr3	9894864	9917582	-	338	NW_027069479.1	1835780	1842416	+	255	2	-1	True	block_1	3	False	False							missing_cds			True
OG0009712	QuercusSuber	Liriodendron_chinense	Lchi11632	XP_023921032.2	background	True	True	Lchi11632	rna-XM_024065264.2	chr3	9993178	10003996	+	343	NW_027069479.1	1774131	1779747	-	250	2	-1	True	block_1	3	False	False							missing_cds			True
OG0003660	QuercusSuber	Liriodendron_chinense	Lchi05473	XP_023907538.1	background	True	True	Lchi05473	rna-XM_024051770.1	chr3	36220497	36238661	+	1010	NW_027069479.1	2223232	2230983	+	294	2	1	True	block_2	3	False	True							missing_cds			True
OG0003771	QuercusSuber	Liriodendron_chinense	Lchi05472	XP_023907574.2	background	True	True	Lchi05472	rna-XM_024051806.2	chr3	36286322	36290269	+	1011	NW_027069479.1	2262557	2266557	+	296	2	1	True	block_2	3	False	False							missing_cds			True
OG0010879	QuercusSuber	Liriodendron_chinense	Lchi05470	XP_023907564.1	background	True	True	Lchi05470	rna-XM_024051796.2	chr3	36346097	36351118	-	1013	NW_027069479.1	2326705	2330092	+	307	2	1	True	block_2	3	False	False							missing_cds			True
OG0009957	QuercusSuber	Liriodendron_chinense	Lchi20391	XP_023893215.1	background	True	True	Lchi20391	rna-XM_024037447.2	chr3	96047455	96065380	+	2114	NW_027069600.1	150893	156732	-	31	2	-1	True	block_1	3	False	False							missing_cds			True
OG0014483	QuercusSuber	Liriodendron_chinense	Lchi20377	XP_023893179.2	background	True	True	Lchi20377	rna-XM_024037411.2	chr3	96593526	96604167	+	2127	NW_027069600.1	100677	103132	+	17	2	-1	True	block_1	3	False	False							missing_cds			True
OG0004056	QuercusSuber	Liriodendron_chinense	Lchi20375	XP_023893155.1	background	True	True	Lchi20375	rna-XM_024037387.2	chr3	96641883	96652788	-	2129	NW_027069600.1	76915	78172	-	13	2	-1	True	block_1	3	True	True	0.059077786841128306	26.316305005173113	0.0022449119216970286	ML	346.0	0.8936170212765957	ok	1038.0	990.0	True
OG0011657	QuercusSuber	Liriodendron_chinense	Lchi23594	XP_023903221.1	background	True	True	Lchi23594	rna-XM_024047453.2	chr4	61316116	61340798	+	1108	NW_027069484.1	899789	903170	-	155	2	-1	True	block_1	3	False	True							missing_cds			True
OG0012909	QuercusSuber	Liriodendron_chinense	Lchi23597	XP_065618277.1	background	True	True	Lchi23597	rna-XM_065762205.1	chr4	61441600	61453026	-	1111	NW_027069484.1	826063	830341	-	139	2	-1	True	block_1	3	False	False							missing_cds			True
OG0002768	QuercusSuber	Liriodendron_chinense	Lchi23598	XP_023906872.1	background	True	True	Lchi23598	rna-XM_024051104.2	chr4	61469093	61474249	+	1112	NW_027069484.1	820806	825136	-	137	2	-1	True	block_1	3	True	True	0.24981840166306155	4.792238849772258	0.0521297893311252	ML	306.0	0.6394557823129252	ok	918.0	933.0	True
OG0002783	QuercusSuber	Liriodendron_chinense	Lchi22244	XP_065624772.1	background	True	True	Lchi22244	rna-XM_065768700.1	chr7	60377370	60380208	-	1032	NW_027069492.1	371295	378396	+	40	2	1	True	block_1	3	False	False							missing_cds			True
OG0009746	QuercusSuber	Liriodendron_chinense	Lchi22246	XP_023924212.2	background	True	True	Lchi22246	rna-XM_024068444.2	chr7	60426527	60427298	+	1034	NW_027069492.1	398886	406212	+	47	2	1	True	block_1	3	False	False							missing_cds			True
OG0017377	QuercusSuber	Liriodendron_chinense	Lchi22248	XP_023924201.1	background	True	True	Lchi22248	rna-XM_024068433.2	chr7	60467155	60480920	-	1036	NW_027069492.1	407864	409890	+	49	2	1	True	block_1	3	False	False							missing_cds			True
OG0008253	Vitis_vinifera	Liriodendron_chinense	Lchi21727	XP_002274213.2	background	True	True	Lchi21727	rna-XM_002274177.4	chr1	10986888	11005435	-	330	NC_012014.3	14283519	14292727	-	2026	3	1	True	block_1	4	False	False							missing_cds			True
OG0011450	Vitis_vinifera	Liriodendron_chinense	Lchi00991	XP_019074718.1	background	True	True	Lchi00991	rna-XM_019219173.1	chr1	95497947	95515843	-	1857	NC_012010.3	3084565	3087520	+	910	4	-1	True	block_3	6	False	False							missing_cds			True
OG0009545	Vitis_vinifera	Liriodendron_chinense	Lchi00835	XP_002276954.2	candidate_core	True	True	Lchi00835	rna-XM_002276918.3	chr1	101001534	101004500	+	2013	NC_012010.3	660340	662277	-	159	3	-1	True	block_4	4	False	False							missing_cds			True
OG0008403	Vitis_vinifera	Liriodendron_chinense	Lchi06185	XP_002285555.1	background	True	True	Lchi06185	rna-XM_002285519.4	chr1	111912824	111922133	-	2392	NC_012012.3	2111965	2116311	-	508	2	1	True	block_1	3	False	False							missing_cds			True
OG0001477	Vitis_vinifera	Liriodendron_chinense	Lchi06385	XP_002281670.1	background	True	True	Lchi06385	rna-XM_002281634.4	chr10	4498643	4511984	-	172	NC_012020.3	714256	726868	-	265	3	1	True	block_1	4	False	False							missing_cds			True
OG0020276	Vitis_vinifera	Liriodendron_chinense	Lchi06426	XP_002272537.1	background	True	True	Lchi06426	rna-XM_002272501.3	chr10	5561017	5563004	-	212	NC_012011.3	790395	792481	-	201	2	1	True	block_3	3	False	False							missing_cds			True
OG0011498	Vitis_vinifera	Liriodendron_chinense	Lchi06461	XP_002278016.3	background	True	True	Lchi06461	rna-XM_002277980.4	chr10	7071291	7075368	+	247	NC_012020.3	1016565	1018477	+	346	4	1	True	block_2	6	False	False							missing_cds			True
OG0018527	Vitis_vinifera	Liriodendron_chinense	Lchi04576	XP_019076621.1	background	True	True	Lchi04576	rna-XM_019221076.1	chr10	12198231	12267316	-	390	NC_012013.3	3242835	3245173	+	981	2	-1	True	block_5	3	False	True							missing_cds			True
OG0007761	Vitis_vinifera	Liriodendron_chinense	Lchi04460	XP_010649774.1	background	True	True	Lchi04460	rna-XM_010651472.2	chr10	17033323	17040073	-	506	NC_012011.3	3509251	3516200	+	964	2	1	True	block_5	3	True	False							missing_cds			True
OG0012212	Vitis_vinifera	Liriodendron_chinense	Lchi19736	XP_010659840.1	background	True	True	Lchi19736	rna-XM_010661538.2	chr10	50490877	50506252	+	990	NC_012020.3	3003908	3011505	-	812	3	-1	True	block_4	4	False	False							missing_cds			True
OG0001298	Vitis_vinifera	Liriodendron_chinense	Lchi07869	XP_002274139.1	background	True	True	Lchi07869	rna-XM_002274103.3	chr10	56320110	56329413	+	1125	NC_012013.3	1814299	1817712	+	510	4	1	True	block_8	5	False	False							missing_cds			True
OG0003744	Vitis_vinifera	Liriodendron_chinense	Lchi13356	XP_002281907.1	candidate_core	True	True	Lchi13356	rna-XM_002281871.3	chr11	32456563	32478961	+	533	NC_012013.3	219595	222235	+	43	2	1	True	block_1	3	False	False							missing_cds			True
OG0004371	Vitis_vinifera	Liriodendron_chinense	Lchi01399	XP_002273584.1	candidate_core	True	True	Lchi01399	rna-XM_002273548.4	chr11	56506777	56522131	+	1208	NC_012008.3	125065	140233	+	20	2	-1	True	block_3	3	False	False							missing_cds			True
OG0003477	Vitis_vinifera	Liriodendron_chinense	Lchi01253	XP_010663425.1	background	True	True	Lchi01253	rna-XM_010665123.2	chr11	60286735	60300923	+	1354	NC_012008.3	7643967	7709499	-	1899	2	-1	True	block_5	3	False	False							missing_cds			True
OG0009677	Vitis_vinifera	Liriodendron_chinense	Lchi19832	XP_010654116.1	background	True	True	Lchi19832	rna-XM_010655814.2	chr12	6869550	6878161	+	164	NC_012014.3	17009971	17015290	+	2789	3	1	True	block_1	4	False	True							missing_cds			True
OG0002016	Vitis_vinifera	Liriodendron_chinense	Lchi22425	XP_002276568.1	candidate_core	True	True	Lchi22425	rna-XM_002276532.3	chr12	8953930	8955113	-	220	NC_012014.3	17220011	17221517	-	2871	3	1	True	block_2	6	False	True							missing_cds			True
OG0000881	Vitis_vinifera	Liriodendron_chinense	Lchi10511	XP_002277045.1	background	True	True	Lchi10511	rna-XM_002277009.3	chr12	12204892	12207655	+	286	NC_012012.3	20064640	20067821	-	3638	2	-1	True	block_2	4	True	True	0.1449070462915207	1.0359597276638328	0.13987710373481121	ML	314.0	0.7666666666666667	ok	942.0	1041.0	True
OG0007266	Vitis_vinifera	Liriodendron_chinense	Lchi21827	NP_001268192.1	background	True	True	Lchi21827	rna-NM_001281263.1	chr12	30871565	30873749	+	489	NC_012014.3	17991842	17993032	+	3077	3	1	True	block_4	4	False	True							missing_cds			True
OG0011970	Vitis_vinifera	Liriodendron_chinense	Lchi07539	XP_010660886.1	background	True	True	Lchi07539	rna-XM_010662584.2	chr12	70537733	70552994	+	1171	NC_012020.3	27371458	27397793	-	4006	2	-1	True	block_2	3	False	False							missing_cds			True
OG0013614	Vitis_vinifera	Liriodendron_chinense	Lchi09101	XP_019072114.1	background	True	True	Lchi09101	rna-XM_019216569.1	chr13	201292	209603	+	9	NC_012024.3	10663451	10669367	-	2659	3	-1	True	block_1	4	False	False							missing_cds			True
OG0010271	Vitis_vinifera	Liriodendron_chinense	Lchi09005	XP_003635085.1	background	True	True	Lchi09005	rna-XM_003635037.3	chr13	2802177	2821235	+	105	NW_003724220.1	225845	229359	+	62	2	1	True	block_1	3	False	False							missing_cds			True
OG0011380	Vitis_vinifera	Liriodendron_chinense	Lchi10631	XP_010648744.1	background	True	True	Lchi10631	rna-XM_010650442.2	chr14	45003518	45031807	+	750	NC_012010.3	6428737	6430300	-	1638	2	-1	True	block_1	3	False	True							missing_cds			True
OG0015298	Vitis_vinifera	Liriodendron_chinense	Lchi09635	XP_002285576.1	background	True	True	Lchi09635	rna-XM_002285540.3	chr14	59425956	59433060	+	1022	NC_012010.3	6999601	7004078	+	1732	4	1	True	block_2	6	False	True							missing_cds			True
OG0017234	Vitis_vinifera	Liriodendron_chinense	Lchi19202	XP_019075855.1	background	True	True	Lchi19202	rna-XM_019220310.1	chr15	652301	671994	+	22	NC_012012.3	129299	131125	+	13	3	1	True	block_1	4	False	True							missing_cds			True
OG0008044	Vitis_vinifera	Liriodendron_chinense	Lchi09993	XP_002280241.2	background	True	True	Lchi09993	rna-XM_002280205.3	chr15	39027420	39054274	-	637	NC_012011.3	24695495	24717098	-	4045	3	1	True	block_1	4	False	False							missing_cds			True
OG0001683	Vitis_vinifera	Liriodendron_chinense	Lchi08233	XP_002273072.1	candidate_core	True	True	Lchi08233	rna-XM_002273036.4	chr15	49669768	49683197	-	805	NC_012013.3	6288362	6290575	-	1710	5	1	True	block_1	6	False	False							missing_cds			True
OG0020235	Vitis_vinifera	Liriodendron_chinense	Lchi13914	XP_002282221.2	background	True	True	Lchi13914	rna-XM_002282185.4	chr16	27130194	27142677	+	624	NC_012024.3	9597556	9601050	+	2365	3	1	True	block_2	4	False	False							missing_cds			True
OG0003712	Vitis_vinifera	Liriodendron_chinense	Lchi18793	XP_010649158.1	candidate_core	True	True	Lchi18793	rna-XM_010650856.2	chr16	39786860	39799434	+	923	NC_012010.3	18131121	18134801	+	2718	2	1	True	block_1	3	False	False							missing_cds			True
OG0007751	Vitis_vinifera	Liriodendron_chinense	Lchi15874	XP_002273820.1	background	True	True	Lchi15874	rna-XM_002273784.4	chr18	4085736	4098457	+	114	NC_012014.3	15891485	15895787	-	2493	2	-1	True	block_2	3	False	False							missing_cds			True
OG0005937	Vitis_vinifera	Liriodendron_chinense	Lchi12831	XP_002271184.3	background	True	True	Lchi12831	rna-XM_002271148.4	chr18	8573550	8577323	+	260	NC_012014.3	14981289	14983764	-	2240	3	-1	True	block_3	4	False	False							missing_cds			True
OG0005800	Vitis_vinifera	Liriodendron_chinense	Lchi23410	XP_010651069.1	background	True	True	Lchi23410	rna-XM_010652767.2	chr18	26617118	26689639	+	585	NC_012012.3	5025031	5030631	-	1197	2	-1	True	block_3	3	False	False							missing_cds			True
OG0015383	Vitis_vinifera	Liriodendron_chinense	Lchi11323	XP_002281318.1	background	True	True	Lchi11323	rna-XM_002281282.3	chr2	358651	360064	+	14	NC_012024.3	10825422	10827780	+	2721	2	1	True	block_1	3	False	True							missing_cds			True
OG0016067	Vitis_vinifera	Liriodendron_chinense	Lchi16271	XP_002283553.1	background	True	True	Lchi16271	rna-XM_002283517.4	chr2	10835625	10877080	-	327	NC_012007.3	3324887	3326119	-	971	2	1	True	block_3	3	False	True							missing_cds			True
OG0010573	Vitis_vinifera	Liriodendron_chinense	Lchi01782	XP_002274138.2	background	True	True	Lchi01782	rna-XM_002274102.3	chr2	74460531	74465366	+	1568	NC_012010.3	22947742	22951259	-	3713	3	-1	True	block_1	4	False	False							missing_cds			True
OG0016352	Vitis_vinifera	Liriodendron_chinense	Lchi01900	XP_010664229.1	background	True	True	Lchi01900	rna-XM_010665927.2	chr2	77838225	77848470	-	1686	NC_012024.3	3249186	3253184	-	815	2	1	True	block_6	7	True	True	0.056610780536061	1.4398887596262488	0.03931607921625517	ML	392.0	0.9056122448979592	ok	1176.0	1350.0	True
OG0000245	Vitis_vinifera	Liriodendron_chinense	Lchi02985	XP_002276300.1	background	True	True	Lchi02985	rna-XM_002276264.3	chr2	90740380	90768710	+	2065	NC_012013.3	17548566	17549438	+	3310	3	1	True	block_2	5	False	True							missing_cds			True
OG0012153	Vitis_vinifera	Liriodendron_chinense	Lchi22116	XP_002273161.1	background	True	True	Lchi22116	rna-XM_002273125.3	chr3	891748	904020	-	31	NC_012008.3	1193738	1198837	+	355	2	-1	True	block_1	3	False	False							missing_cds			True
OG0007874	Vitis_vinifera	Liriodendron_chinense	Lchi21672	XP_002272543.1	background	True	True	Lchi21672	rna-XM_002272507.4	chr3	35353680	35369443	+	996	NC_012013.3	6562125	6570228	-	1760	5	-1	True	block_1	7	False	False							missing_cds			True
OG0016216	Vitis_vinifera	Liriodendron_chinense	Lchi16101	XP_010650714.1	background	True	True	Lchi16101	rna-XM_010652412.2	chr3	51922108	51935799	+	1371	NC_012011.3	23799537	23804585	+	3839	2	1	True	block_6	3	False	False							missing_cds			True
OG0003826	Vitis_vinifera	Liriodendron_chinense	Lchi25346	XP_010650330.1	background	True	True	Lchi25346	rna-XM_010652028.2	chr3	90611281	90621529	+	1988	NC_012011.3	15201462	15223931	+	2645	2	1	True	block_7	3	False	False							missing_cds			True
OG0014454	Vitis_vinifera	Liriodendron_chinense	Lchi11794	XP_010660638.1	background	True	True	Lchi11794	rna-XM_010662336.2	chr3	104651311	104672145	-	2343	NC_012020.3	24461226	24466664	-	3164	2	-1	True	block_2	3	False	True							missing_cds			True
OG0003733	Vitis_vinifera	Liriodendron_chinense	Lchi04206	XP_002272506.1	background	True	True	Lchi04206	rna-XM_002272470.3	chr4	4318345	4334562	-	165	NC_012014.3	15349767	15358061	+	2340	2	-1	True	block_2	3	False	False							missing_cds			True
OG0014445	Vitis_vinifera	Liriodendron_chinense	Lchi01982	XP_002264295.1	candidate_core	True	True	Lchi01982	rna-XM_002264259.3	chr4	83007018	83012663	-	1586	NC_012024.3	29067609	29070184	-	5018	2	1	True	block_3	3	False	False							missing_cds			True
OG0006491	Vitis_vinifera	Liriodendron_chinense	Lchi02315	XP_002285713.2	background	True	True	Lchi02315	rna-XM_002285677.4	chr4	92518727	92535127	-	1919	NC_012024.3	5266508	5272121	+	1348	2	-1	True	block_6	3	False	False							missing_cds			True
OG0008014	Vitis_vinifera	Liriodendron_chinense	Lchi16724	XP_019080672.1	background	True	True	Lchi16724	rna-XM_019225127.1	chr5	10634290	10696418	+	323	NC_012020.3	24591963	24604726	-	3205	3	-1	True	block_2	4	False	False							missing_cds			True
OG0006361	Vitis_vinifera	Liriodendron_chinense	Lchi13643	XP_002264310.3	background	True	True	Lchi13643	rna-XM_002264274.4	chr5	21452747	21456588	-	578	NC_012014.3	9520771	9524618	+	901	2	-1	True	block_1	3	False	False							missing_cds			True
OG0002776	Vitis_vinifera	Liriodendron_chinense	Lchi15709	XP_002282300.3	background	True	True	Lchi15709	rna-XM_002282264.4	chr5	40824551	40842705	+	899	NC_012007.3	3065975	3068769	-	904	2	1	True	block_2	3	False	False							missing_cds			True
OG0011438	Vitis_vinifera	Liriodendron_chinense	Lchi02796	XP_002280431.1	background	True	True	Lchi02796	rna-XM_002280395.3	chr5	62816010	62819814	-	1276	NC_012014.3	20444813	20447623	-	3790	3	1	True	block_2	5	False	False							missing_cds			True
OG0005649	Vitis_vinifera	Liriodendron_chinense	Lchi06749	XP_002263864.2	background	True	True	Lchi06749	rna-XM_002263828.3	chr6	1908251	1929345	+	56	NC_012010.3	23600987	23604308	-	3801	2	-1	True	block_1	3	False	False							missing_cds			True
OG0014563	Vitis_vinifera	Liriodendron_chinense	Lchi12003	XP_010651377.1	background	True	True	Lchi12003	rna-XM_010653075.2	chr6	9027200	9061984	-	305	NC_012012.3	765582	767725	-	153	2	1	True	block_1	3	False	True							missing_cds			True
OG0004151	Vitis_vinifera	Liriodendron_chinense	Lchi07796	XP_002273012.1	background	True	True	Lchi07796	rna-XM_002272976.4	chr6	61141218	61149583	-	1411	NC_012014.3	10896591	10902936	+	1143	3	-1	True	block_4	4	False	False							missing_cds			True
OG0016237	Vitis_vinifera	Liriodendron_chinense	Lchi19666	XP_010648388.1	background	True	True	Lchi19666	rna-XM_010650086.2	chr7	4507834	4508309	+	147	NC_012010.3	1553587	1554633	-	452	3	-1	True	block_1	4	True	True	0.3267176206245765	1.5063905452693378	0.21688772652656316	ML	111.0	0.5855855855855856	ok	333.0	348.0	True
OG0004165	Vitis_vinifera	Liriodendron_chinense	Lchi17562	XP_002267296.2	background	True	True	Lchi17562	rna-XM_002267260.4	chr7	24533835	24541750	-	504	NC_012008.3	4732516	4736635	+	1382	3	-1	True	block_1	4	False	False							missing_cds			True
OG0007099	Vitis_vinifera	Liriodendron_chinense	Lchi20221	XP_002282210.1	background	True	True	Lchi20221	rna-XM_002282174.4	chr8	3727681	3746116	-	110	NC_012014.3	21027179	21034331	+	3983	6	-1	True	block_2	7	False	False							missing_cds			True
OG0001926	Vitis_vinifera	Liriodendron_chinense	Lchi06606	XP_019072368.1	candidate_core	True	True	Lchi06606	rna-XM_019216823.1	chr8	46827177	46828743	+	868	NC_012008.3	2410593	2413853	-	745	3	-1	True	block_2	4	False	False							missing_cds			True
OG0020578	Zea_mays	Liriodendron_chinense	Lchi12929	XP_008651629.1	background	True	True	Lchi12929	rna-XM_008653407.4	chr1	8677655	8681125	-	256	NC_050102.1	163212691	163229496	+	7318	2	-1	True	block_1	4	False	False							missing_cds			True
OG0008071	Zea_mays	Liriodendron_chinense	Lchi12931	NP_001288448.1	background	True	True	Lchi12931	rna-NM_001301519.1	chr1	8712631	8732094	+	258	NC_050102.1	163145222	163147525	-	7316	3	-1	True	block_1	4	False	False							missing_cds			True
OG0004317	Zea_mays	Liriodendron_chinense	Lchi12932	XP_008653164.1	background	True	True	Lchi12932	rna-XM_008654942.3	chr1	8733214	8739111	-	259	NC_050102.1	163138784	163141622	+	7312	3	-1	True	block_1	4	False	False							missing_cds			True
OG0007772	Zea_mays	Liriodendron_chinense	Lchi12938	NP_001167880.1	background	True	True	Lchi12938	rna-NM_001174409.2	chr1	8970594	8971685	-	265	NC_050102.1	162833582	162834826	+	7297	2	-1	True	block_1	4	True	True	0.5434310701644046	16.632619422000193	0.03267260894850999	ML	187.0	0.4375	ok	561.0	672.0	True
OG0005936	Zea_mays	Liriodendron_chinense	Lchi21720	NP_001145288.1	background	True	True	Lchi21720	rna-NM_001151816.1	chr1	10651724	10694010	+	323	NC_050096.1	41866660	41867713	-	3343	2	-1	True	block_1	3	False	True							missing_cds			True
OG0008253	Zea_mays	Liriodendron_chinense	Lchi21727	NP_001169464.1	background	True	True	Lchi21727	rna-NM_001175993.1	chr1	10986888	11005435	-	330	NC_050096.1	41805569	41815138	-	3334	2	-1	True	block_1	3	False	False							missing_cds			True
OG0013470	Zea_mays	Liriodendron_chinense	Lchi21729	NP_001150360.1	background	True	True	Lchi21729	rna-NM_001156888.2	chr1	11036945	11037672	-	332	NC_050096.1	41704254	41705530	-	3332	2	-1	True	block_1	3	False	False							missing_cds			True
OG0000219	Zea_mays	Liriodendron_chinense	Lchi13428	NP_001338723.1	candidate_core	True	True	Lchi13428	rna-NM_001351794.1	chr1	14824717	14863569	-	439	NC_050102.1	160873504	160881618	+	7110	2	-1	True	block_2	3	False	False							missing_cds			True
OG0003752	Zea_mays	Liriodendron_chinense	Lchi13419	NP_001105208.1	candidate_core	True	True	Lchi13419	rna-NM_001111738.1	chr1	15512271	15557453	+	448	NC_050102.1	160750506	160765985	-	7104	2	-1	True	block_2	3	False	False							missing_cds			True
OG0008285	Zea_mays	Liriodendron_chinense	Lchi13411	NP_001130074.1	background	True	True	Lchi13411	rna-NM_001136602.1	chr1	15850160	15866055	-	455	NC_050102.1	160529271	160538819	-	7099	2	-1	True	block_2	3	False	False							missing_cds			True
OG0010328	Zea_mays	Liriodendron_chinense	Lchi15876	NP_001347482.1	background	True	True	Lchi15876	rna-NM_001360553.1	chr18	4117920	4157009	+	116	NC_050096.1	38480174	38491775	+	3068	2	1	True	block_1	3	False	False							missing_cds			True
OG0006046	Zea_mays	Liriodendron_chinense	Lchi15879	NP_001142885.1	background	True	True	Lchi15879	rna-NM_001149413.1	chr18	4170633	4175335	-	119	NC_050096.1	38493371	38494577	-	3072	2	1	True	block_1	3	True	True	0.3502569218810583	4.623008505187073	0.07576384977186731	ML	166.0	0.5393939393939394	ok	498.0	495.0	True
OG0012368	Zea_mays	Liriodendron_chinense	Lchi15883	NP_001141185.1	background	True	True	Lchi15883	rna-NM_001147713.1	chr18	4327229	4335029	+	123	NC_050096.1	38545846	38550079	+	3074	2	1	True	block_1	3	False	False							missing_cds			True
OG0011278	Zea_mays	Liriodendron_chinense	Lchi10263	NP_001308931.1	candidate_core	True	True	Lchi10263	rna-NM_001322002.1	chr3	71340087	71384035	-	1630	NC_050098.1	170570173	170579259	+	6975	2	1	True	block_1	3	False	False							missing_cds			True
OG0009635	Zea_mays	Liriodendron_chinense	Lchi10266	NP_001145103.1	background	True	True	Lchi10266	rna-NM_001151631.2	chr3	71477580	71481206	-	1633	NC_050098.1	170683658	170698091	-	6980	2	1	True	block_1	3	False	False							missing_cds			True
OG0013562	Zea_mays	Liriodendron_chinense	Lchi10272	XP_008676175.2	background	True	True	Lchi10272	rna-XM_008677953.3	chr3	71748227	71764415	-	1639	NC_050098.1	170815388	170817537	-	6985	2	1	True	block_1	3	True	True	0.3654602458624354	27.850983606925446	0.013121987037167326	ML	583.0	0.5330812854442344	ok	1749.0	1647.0	True
OG0016105	Zea_mays	Liriodendron_chinense	Lchi11293	XP_008650527.1	background	True	True	Lchi11293	rna-XM_008652305.4	chr4	31507108	31523814	-	723	NC_050096.1	6190933	6192997	-	582	3	1	True	block_1	4	True	True	0.5494536587864207	22.639487042832393	0.024269704421610402	ML	138.0	0.456	ok	414.0	459.0	True
OG0005898	Zea_mays	Liriodendron_chinense	Lchi11285	NP_001168398.1	background	True	True	Lchi11285	rna-NM_001174927.2	chr4	31830152	31888353	-	731	NC_050096.1	6200075	6204592	-	587	3	1	True	block_1	4	False	False							missing_cds			True
OG0014552	Zea_mays	Liriodendron_chinense	Lchi11284	NP_001309891.1	background	True	True	Lchi11284	rna-NM_001322962.1	chr4	32030274	32033682	+	732	NC_050096.1	6228749	6230568	-	592	3	1	True	block_1	4	True	False							missing_cds			True
OG0014381	Zea_mays	Liriodendron_chinense	Lchi11275	NP_001151620.1	background	True	True	Lchi11275	rna-NM_001158148.2	chr4	32939751	33029819	+	740	NC_050096.1	6249536	6254215	-	596	3	1	True	block_1	4	False	False							missing_cds			True
OG0006095	Zea_mays	Liriodendron_chinense	Lchi02249	NP_001334052.1	background	True	True	Lchi02249	rna-NM_001347123.1	chr4	90628796	90658089	+	1853	NC_050096.1	17934453	17942218	+	1709	2	1	True	block_2	3	False	False							missing_cds			True
OG0006170	Zea_mays	Liriodendron_chinense	Lchi02251	NP_001131566.1	background	True	True	Lchi02251	rna-NM_001138094.1	chr4	90761015	90787612	+	1855	NC_050096.1	18080694	18085186	+	1722	2	1	True	block_2	3	False	False							missing_cds			True
OG0003993	Zea_mays	Liriodendron_chinense	Lchi02264	XP_008651756.1	candidate_core	True	True	Lchi02264	rna-XM_008653534.3	chr4	90955873	90960231	+	1868	NC_050096.1	18169743	18175522	+	1725	2	1	True	block_2	3	False	False							missing_cds			True
OG0012770	Zea_mays	Liriodendron_chinense	Lchi14033	XP_008653366.1	background	True	True	Lchi14033	rna-XM_008655144.4	chr4	98269721	98273639	-	2117	NC_050102.1	176260045	176262189	-	8675	2	1	True	block_1	3	False	True							missing_cds			True
OG0013731	Zea_mays	Liriodendron_chinense	Lchi14029	NP_001167823.1	background	True	True	Lchi14029	rna-NM_001174352.1	chr4	98390525	98409757	+	2121	NC_050102.1	176339163	176350124	+	8682	2	1	True	block_1	3	False	False							missing_cds			True
OG0014498	Zea_mays	Liriodendron_chinense	Lchi14019	NP_001149773.1	background	True	True	Lchi14019	rna-NM_001156301.2	chr4	98569364	98587520	+	2131	NC_050102.1	176398855	176404778	+	8688	2	1	True	block_1	3	False	False							missing_cds			True
OG0008448	Zea_mays	Liriodendron_chinense	Lchi14263	NP_001346325.1	background	True	True	Lchi14263	rna-NM_001359396.1	chr4	100004640	100015271	-	2182	NC_050105.1	73843871	73847150	+	2709	2	-1	True	block_1	3	False	False							missing_cds			True
OG0012684	Zea_mays	Liriodendron_chinense	Lchi14265	XP_008662801.1	background	True	True	Lchi14265	rna-XM_008664579.3	chr4	100046785	100080447	+	2184	NC_050105.1	73834113	73843879	-	2707	2	-1	True	block_1	3	False	False							missing_cds			True
OG0004124	Zea_mays	Liriodendron_chinense	Lchi14266	NP_001143804.2	background	True	True	Lchi14266	rna-NM_001150332.2	chr4	100085378	100092603	-	2185	NC_050105.1	73831199	73832970	+	2705	2	-1	True	block_1	3	False	False							missing_cds			True
OG0011301	Zea_mays	Liriodendron_chinense	Lchi02802	NP_001146570.1	background	True	True	Lchi02802	rna-NM_001153098.1	chr5	62618765	62622333	-	1270	NC_050102.1	128664790	128666943	+	4959	2	-1	True	block_1	3	False	False							missing_cds			True
OG0008451	Zea_mays	Liriodendron_chinense	Lchi02794	NP_001145385.1	background	True	True	Lchi02794	rna-NM_001151913.2	chr5	62871229	62888646	+	1278	NC_050102.1	128326052	128327843	+	4949	2	-1	True	block_1	3	False	True							missing_cds			True
OG0002500	Zea_mays	Liriodendron_chinense	Lchi02790	NP_001140882.1	background	True	True	Lchi02790	rna-NM_001147410.1	chr5	63009227	63022312	+	1282	NC_050102.1	128021865	128023080	-	4943	2	-1	True	block_1	3	False	True							missing_cds			True
OG0010280	Zea_mays	Liriodendron_chinense	Lchi12053	NP_001150809.2	background	True	True	Lchi12053	rna-NM_001157337.2	chr6	7702746	7706825	+	256	NC_050096.1	270792237	270796701	+	14654	2	1	True	block_1	3	True	True	0.4085237156909039	13.58184930481331	0.030078651774329876	ML	277.0	0.5761316872427984	ok	831.0	753.0	True
OG0000433	Zea_mays	Liriodendron_chinense	Lchi12046	NP_001136893.1	background	True	True	Lchi12046	rna-NM_001143421.2	chr6	7936031	7939677	-	263	NC_050096.1	271099932	271102931	+	14672	2	1	True	block_1	3	False	True							missing_cds			True
OG0013583	Zea_mays	Liriodendron_chinense	Lchi12039	NP_001337901.1	candidate_core	True	True	Lchi12039	rna-NM_001350972.1	chr6	8107635	8117147	-	270	NC_050096.1	271105228	271107244	+	14674	2	1	True	block_1	3	False	False							missing_cds			True
OG0006968	Zea_mays	Liriodendron_chinense	Lchi05656	NP_001132036.1	background	True	True	Lchi05656	rna-NM_001138564.2	chr6	27412598	27413833	-	869	NC_050098.1	229440416	229443079	+	11735	2	-1	True	block_2	3	False	False							missing_cds			True
OG0006917	Zea_mays	Liriodendron_chinense	Lchi05673	NP_001151509.1	candidate_core	True	True	Lchi05673	rna-NM_001158037.2	chr6	27839254	27844153	+	886	NC_050098.1	229375390	229379610	-	11731	2	-1	True	block_2	3	False	False							missing_cds			True
OG0005194	Zea_mays	Liriodendron_chinense	Lchi05675	XP_008675465.1	background	True	True	Lchi05675	rna-XM_008677243.2	chr6	27884662	27891828	-	888	NC_050098.1	229372285	229375523	+	11729	2	-1	True	block_2	3	False	False							missing_cds			True
