Orthogroup	source	in_orthofinder_single_copy_list	Castanea_mollissima	Cunninghamia_lanceolata_CULA	Liquidambar_formosana	Liriodendron_chinense	Picea_abies	Quercus_suber	Vitis_vinifera
OG0011799	one_per_species_in_Orthogroups	no	Cm__CmMahoganyH2.10G140300	Cula__CULA08G16380	Lf__L1049_026302	Lc__Lchi03010	Pa__MA_10277392g0010	Qs__XP_023891584.1	Vv__XP_010664278.1
OG0011815	one_per_species_in_Orthogroups	no	Cm__CmMahoganyH2.06G060400	Cula__CULA04G23470	Lf__L1049_000571	Lc__Lchi17315	Pa__MA_75192g0010	Qs__XP_023910542.1	Vv__XP_002284668.1
OG0011821	one_per_species_in_Orthogroups	no	Cm__CmMahoganyH2.03G164500	Cula__CULA07G08720	Lf__L1049_007001	Lc__Lchi00710	Pa__MA_1737g0020	Qs__XP_023928713.2	Vv__XP_002268965.1
OG0011823	one_per_species_in_Orthogroups	no	Cm__CmMahoganyH2.06G234900	Cula__CULA02G26820	Lf__L1049_024497	Lc__Lchi18190	Pa__MA_131178g0010	Qs__XP_023877674.2	Vv__XP_003633223.1
OG0011828	one_per_species_in_Orthogroups	no	Cm__CmMahoganyH2.06G064200	Cula__CULA10G34910	Lf__L1049_000605	Lc__Lchi28759	Pa__MA_13745g0010	Qs__XP_065623367.1	Vv__XP_002282241.3
OG0011830	one_per_species_in_Orthogroups	no	Cm__CmMahoganyH2.09G094900	Cula__CULA04G42610	Lf__L1049_008513	Lc__Lchi26047	Pa__MA_92610g0010	Qs__XP_023912360.1	Vv__XP_002265437.1
OG0011853	one_per_species_in_Orthogroups	no	Cm__CmMahoganyH2.10G159000	Cula__CULA02G31510	Lf__L1049_020025	Lc__Lchi04908	Pa__MA_123133g0010	Qs__XP_023913392.1	Vv__XP_002270958.1
OG0011857	one_per_species_in_Orthogroups	no	Cm__CmMahoganyH2.08G024300	Cula__CULA06G57800	Lf__L1049_014044	Lc__Lchi04362	Pa__MA_53054g0010	Qs__XP_023882218.2	Vv__XP_003632132.1
OG0011862	one_per_species_in_Orthogroups	no	Cm__CmMahoganyH2.04G088800	Cula__CULA11G33260	Lf__L1049_027664	Lc__Lchi03782	Pa__MA_492000g0010	Qs__XP_023885838.1	Vv__XP_002269751.1
OG0011878	one_per_species_in_Orthogroups	no	Cm__CmMahoganyH2.09G043400	Cula__CULA10G27550	Lf__L1049_009015	Lc__Lchi21843	Pa__MA_93134g0010	Qs__XP_023913344.1	Vv__XP_002283857.1
OG0011880	one_per_species_in_Orthogroups	no	Cm__CmMahoganyH2.08G101800	Cula__CULA08G32770	Lf__L1049_019031	Lc__Lchi28199	Pa__MA_41289g0010	Qs__XP_023876467.2	Vv__XP_002276021.1
OG0011882	one_per_species_in_Orthogroups	no	Cm__CmMahoganyH2.06G164400	Cula__CULA05G13240	Lf__L1049_009152	Lc__Lchi28034	Pa__MA_28618g0010	Qs__XP_023888716.1	Vv__XP_019080189.1
OG0011885	one_per_species_in_Orthogroups	no	Cm__CmMahoganyH2.06G083900	Cula__CULA11G31980	Lf__L1049_024470	Lc__Lchi07155	Pa__MA_10431938g0010	Qs__XP_023916975.1	Vv__XP_002262661.3
OG0011887	one_per_species_in_Orthogroups	no	Cm__CmMahoganyH2.12G120100	Cula__CULA10G11480	Lf__L1049_026222	Lc__Lchi02152	Pa__MA_10434527g0010	Qs__XP_023874378.2	Vv__XP_002284503.3
OG0011890	one_per_species_in_Orthogroups	no	Cm__CmMahoganyH2.06G021100	Cula__CULA02G43800	Lf__L1049_000884	Lc__Lchi07221	Pa__MA_33008g0010	Qs__XP_023873583.2	Vv__XP_002264297.1
OG0011894	one_per_species_in_Orthogroups	no	Cm__CmMahoganyH2.07G008700	Cula__CULA07G37420	Lf__L1049_022398	Lc__Lchi02705	Pa__MA_948394g0010	Qs__XP_023884443.2	Vv__XP_002277323.2
OG0011898	one_per_species_in_Orthogroups	no	Cm__CmMahoganyH2.01G243800	Cula__CULA08G25820	Lf__L1049_002822	Lc__Lchi02490	Pa__MA_9934g0010	Qs__XP_065625412.1	Vv__XP_002274559.2
OG0011907	one_per_species_in_Orthogroups	no	Cm__CmMahoganyH2.10G135700	Cula__CULA07G53430	Lf__L1049_004055	Lc__Lchi00060	Pa__MA_414920g0010	Qs__XP_023895734.2	Vv__XP_010652336.1
OG0011908	one_per_species_in_Orthogroups	no	Cm__CmMahoganyH2.08G077300	Cula__CULA04G35060	Lf__L1049_013840	Lc__Lchi23364	Pa__MA_265196g0010	Qs__XP_023921512.2	Vv__XP_002285017.1
OG0011910	one_per_species_in_Orthogroups	no	Cm__CmMahoganyH2.12G077600	Cula__CULA07G48920	Lf__L1049_025950	Lc__Lchi27817	Pa__MA_10435465g0010	Qs__XP_065620933.1	Vv__XP_002285663.1
OG0011919	one_per_species_in_Orthogroups	no	Cm__CmMahoganyH2.01G266300	Cula__CULA07G37980	Lf__L1049_002347	Lc__Lchi07539	Pa__MA_10432723g0020	Qs__XP_065621232.1	Vv__XP_010660886.1
OG0011921	one_per_species_in_Orthogroups	no	Cm__CmMahoganyH2.03G076000	Cula__CULA04G35930	Lf__L1049_020005	Lc__Lchi22185	Pa__MA_359293g0010	Qs__XP_065618797.1	Vv__XP_002270792.1
OG0011925	one_per_species_in_Orthogroups	yes	Cm__CmMahoganyH2.08G025800	Cula__CULA02G27160	Lf__L1049_012869	Lc__Lchi04350	Pa__MA_10432139g0010	Qs__XP_023892792.1	Vv__XP_002278413.1
OG0011943	one_per_species_in_Orthogroups	no	Cm__CmMahoganyH2.05G174600	Cula__CULA05G31470	Lf__L1049_009759	Lc__Lchi28052	Pa__MA_10427936g0010	Qs__XP_023887376.1	Vv__XP_002274769.1
OG0011947	one_per_species_in_Orthogroups	no	Cm__CmMahoganyH2.01G126700	Cula__CULA10G34610	Lf__L1049_022680	Lc__Lchi15638	Pa__MA_94570g0010	Qs__XP_023927978.1	Vv__XP_002277877.2
OG0011951	one_per_species_in_Orthogroups	no	Cm__CmMahoganyH2.07G018200	Cula__CULA08G31160	Lf__L1049_003353	Lc__Lchi16356	Pa__MA_10436414g0020	Qs__XP_065627263.1	Vv__XP_002274388.1
OG0011973	one_per_species_in_Orthogroups	no	Cm__CmMahoganyH2.12G074100	Cula__CULA11G32470	Lf__L1049_026223	Lc__Lchi02299	Pa__MA_15889g0020	Qs__XP_023892927.1	Vv__XP_002285696.1
OG0011975	one_per_species_in_Orthogroups	no	Cm__CmMahoganyH2.10G153400	Cula__CULA09G45810	Lf__L1049_026344	Lc__Lchi15062	Pa__MA_8156728g0010	Qs__XP_023917885.1	Vv__XP_010664515.1
OG0011986	one_per_species_in_Orthogroups	no	Cm__CmMahoganyH2.01G151300	Cula__CULA02G11660	Lf__L1049_026847	Lc__Lchi20326	Pa__MA_10101g0010	Qs__XP_023919574.2	Vv__XP_002268373.1
OG0011988	one_per_species_in_Orthogroups	no	Cm__CmMahoganyH2.10G087400	Cula__CULA05G37220	Lf__L1049_005120	Lc__Lchi04421	Pa__MA_14836g0010	Qs__XP_023908880.2	Vv__XP_002269127.1
OG0011995	one_per_species_in_Orthogroups	no	Cm__CmMahoganyH2.09G174700	Cula__CULA06G35930	Lf__L1049_008765	Lc__Lchi06102	Pa__MA_133281g0010	Qs__XP_023916327.1	Vv__XP_010653790.1
OG0011996	one_per_species_in_Orthogroups	no	Cm__CmMahoganyH2.11G003000	Cula__CULA08G35880	Lf__L1049_001164	Lc__Lchi18189	Pa__MA_114043g0010	Qs__XP_023901988.2	Vv__XP_002263612.1
OG0011998	one_per_species_in_Orthogroups	no	Cm__CmMahoganyH2.01G319000	Cula__CULA01G55040	Lf__L1049_001417	Lc__Lchi17418	Pa__MA_5075g0010	Qs__XP_023876510.1	Vv__XP_002267328.2
OG0012001	one_per_species_in_Orthogroups	no	Cm__CmMahoganyH2.08G003500	Cula__CULA07G24020	Lf__L1049_021201	Lc__Lchi29957	Pa__MA_10038446g0010	Qs__XP_023910008.1	Vv__XP_002279984.3
OG0012003	one_per_species_in_Orthogroups	no	Cm__CmMahoganyH2.01G122300	Cula__CULA07G20330	Lf__L1049_027004	Lc__Lchi01754	Pa__MA_10434535g0010	Qs__XP_023875591.2	Vv__XP_002269515.1
OG0012004	one_per_species_in_Orthogroups	yes	Cm__CmMahoganyH2.01G130600	Cula__CULA02G28560	Lf__L1049_022601	Lc__Lchi29420	Pa__MA_117003g0010	Qs__XP_023917858.2	Vv__XP_002272607.2
OG0012006	one_per_species_in_Orthogroups	yes	Cm__CmMahoganyH2.02G050900	Cula__CULA01G32980	Lf__L1049_017064	Lc__Lchi00296	Pa__MA_5791g0010	Qs__XP_023898026.2	Vv__XP_002272388.1
OG0012007	one_per_species_in_Orthogroups	yes	Cm__CmMahoganyH2.03G128000	Cula__CULA09G27620	Lf__L1049_006159	Lc__Lchi19575	Pa__MA_173856g0010	Qs__XP_023902248.1	Vv__XP_003631322.1
OG0012012	one_per_species_in_Orthogroups	yes	Cm__CmMahoganyH2.01G316500	Cula__CULA10G20720	Lf__L1049_001014	Lc__Lchi10673	Pa__MA_9405736g0010	Qs__XP_023929429.2	Vv__XP_002263200.2
OG0012027	one_per_species_in_Orthogroups	no	Cm__CmMahoganyH2.08G024800	Cula__CULA02G37330	Lf__L1049_013062	Lc__Lchi25630	Pa__MA_10428580g0010	Qs__XP_023882238.1	Vv__XP_002278579.1
OG0012029	one_per_species_in_Orthogroups	no	Cm__CmMahoganyH2.05G163900	Cula__CULA09G12140	Lf__L1049_010363	Lc__Lchi17745	Pa__MA_10432016g0010	Qs__XP_023895631.1	Vv__XP_010647145.1
OG0012031	one_per_species_in_Orthogroups	no	Cm__CmMahoganyH2.12G000400	Cula__CULA01G44160	Lf__L1049_026616	Lc__Lchi01671	Pa__MA_93106g0010	Qs__XP_065621050.1	Vv__XP_002264380.3
OG0012040	one_per_species_in_Orthogroups	yes	Cm__CmMahoganyH2.12G096300	Cula__CULA10G21240	Lf__L1049_002970	Lc__Lchi01200	Pa__MA_109119g0010	Qs__XP_023914730.2	Vv__XP_002274994.1
OG0012066	one_per_species_in_Orthogroups	no	Cm__CmMahoganyH2.01G158900	Cula__CULA02G12510	Lf__L1049_025455	Lc__Lchi20289	Pa__MA_960119g0010	Qs__XP_065623194.1	Vv__XP_002264617.2
OG0012067	one_per_species_in_Orthogroups	no	Cm__CmMahoganyH2.01G293400	Cula__CULA09G38370	Lf__L1049_001365	Lc__Lchi01018	Pa__MA_184872g0010	Qs__XP_065624273.1	Vv__XP_002280953.1
OG0012069	one_per_species_in_Orthogroups	no	Cm__CmMahoganyH2.03G105200	Cula__CULA11G31550	Lf__L1049_007062	Lc__Lchi26337	Pa__MA_33582g0010	Qs__XP_065625144.1	Vv__XP_003631230.1
OG0012076	one_per_species_in_Orthogroups	no	Cm__CmMahoganyH2.08G008500	Cula__CULA09G34780	Lf__L1049_021289	Lc__Lchi14810	Pa__MA_10427627g0010	Qs__XP_065625241.1	Vv__XP_002276273.1
OG0012078	one_per_species_in_Orthogroups	no	Cm__CmMahoganyH2.02G112100	Cula__CULA01G74960	Lf__L1049_019959	Lc__Lchi02121	Pa__MA_10113879g0010	Qs__XP_023885181.2	Vv__XP_002275141.2
OG0012080	one_per_species_in_Orthogroups	no	Cm__CmMahoganyH2.05G122800	Cula__CULA08G34950	Lf__L1049_010046	Lc__Lchi17626	Pa__MA_24476g0010	Qs__XP_023916762.1	Vv__XP_002272874.2
OG0012081	one_per_species_in_Orthogroups	no	Cm__CmMahoganyH2.08G063800	Cula__CULA08G06540	Lf__L1049_013271	Lc__Lchi04297	Pa__MA_134078g0010	Qs__XP_023891265.1	Vv__XP_002279721.1
OG0012082	one_per_species_in_Orthogroups	no	Cm__CmMahoganyH2.02G105100	Cula__CULA01G51560	Lf__L1049_016879	Lc__Lchi02591	Pa__MA_10434298g0010	Qs__XP_065628417.1	Vv__XP_002271213.1
OG0012087	one_per_species_in_Orthogroups	no	Cm__CmMahoganyH2.04G065500	Cula__CULA02G44460	Lf__L1049_027886	Lc__Lchi19611	Pa__MA_10435028g0010	Qs__XP_023887731.1	Vv__XP_002267281.3
OG0012088	one_per_species_in_Orthogroups	no	Cm__CmMahoganyH2.04G140400	Cula__CULA04G35760	Lf__L1049_028081	Lc__Lchi28425	Pa__MA_19015g0010	Qs__XP_023924265.1	Vv__XP_010663104.1
OG0012094	one_per_species_in_Orthogroups	yes	Cm__CmMahoganyH2.08G174900	Cula__CULA11G25540	Lf__L1049_007013	Lc__Lchi16382	Pa__MA_53991g0010	Qs__XP_065631699.1	Vv__XP_002284395.2
OG0012099	one_per_species_in_Orthogroups	no	Cm__CmMahoganyH2.10G043000	Cula__CULA07G41960	Lf__L1049_022816	Lc__Lchi06057	Pa__MA_9449204g0010	Qs__XP_023916473.2	Vv__XP_002267185.2
OG0012102	one_per_species_in_Orthogroups	no	Cm__CmMahoganyH2.01G179200	Cula__CULA03G40880	Lf__L1049_000983	Lc__Lchi05168	Pa__MA_449338g0010	Qs__XP_023900749.1	Vv__XP_002264373.1
OG0012105	one_per_species_in_Orthogroups	no	Cm__CmMahoganyH2.09G008700	Cula__CULA07G22120	Lf__L1049_007913	Lc__Lchi18993	Pa__MA_93206g0010	Qs__XP_023921534.1	Vv__XP_002278867.1
OG0012117	one_per_species_in_Orthogroups	yes	Cm__CmMahoganyH2.01G303100	Cula__CULA11G13460	Lf__L1049_001297	Lc__Lchi05599	Pa__MA_89422g0010	Qs__XP_023916386.1	Vv__XP_002285044.1
OG0012118	one_per_species_in_Orthogroups	no	Cm__CmMahoganyH2.02G014600	Cula__CULA06G55860	Lf__L1049_016824	Lc__Lchi21211	Pa__MA_115418g0010	Qs__XP_023906051.1	Vv__XP_002278494.1
OG0012120	one_per_species_in_Orthogroups	no	Cm__CmMahoganyH2.03G084100	Cula__CULA02G21480	Lf__L1049_006235	Lc__Lchi05859	Pa__MA_18506g0010	Qs__XP_023872003.1	Vv__XP_002284969.1
OG0012125	one_per_species_in_Orthogroups	no	Cm__CmMahoganyH2.12G148300	Cula__CULA07G19940	Lf__L1049_004915	Lc__Lchi29667	Pa__MA_10426146g0010	Qs__XP_023873615.2	Vv__XP_010652447.1
OG0012128	one_per_species_in_Orthogroups	yes	Cm__CmMahoganyH2.06G146300	Cula__CULA06G00470	Lf__L1049_012062	Lc__Lchi25214	Pa__MA_10433551g0010	Qs__XP_023872185.1	Vv__XP_002268768.3
OG0012134	one_per_species_in_Orthogroups	no	Cm__CmMahoganyH2.12G022000	Cula__CULA11G31680	Lf__L1049_002484	Lc__Lchi08468	Pa__MA_10435849g0020	Qs__XP_065638097.1	Vv__XP_002264216.1
OG0012139	one_per_species_in_Orthogroups	no	Cm__CmMahoganyH2.12G135300	Cula__CULA09G26830	Lf__L1049_003912	Lc__Lchi21673	Pa__MA_138770g0010	Qs__XP_023907545.2	Vv__XP_002276857.2
OG0012145	one_per_species_in_Orthogroups	no	Cm__CmMahoganyH2.05G133000	Cula__CULA10G10830	Lf__L1049_010615	Lc__Lchi18933	Pa__MA_10433448g0010	Qs__XP_065629392.1	Vv__XP_002280537.1
OG0012146	one_per_species_in_Orthogroups	no	Cm__CmMahoganyH2.06G132900	Cula__CULA01G66480	Lf__L1049_011791	Lc__Lchi07399	Pa__MA_8643028g0010	Qs__XP_023912557.2	Vv__XP_002274385.2
OG0012148	one_per_species_in_Orthogroups	no	Cm__CmMahoganyH2.08G031700	Cula__CULA01G04800	Lf__L1049_013743	Lc__Lchi11239	Pa__MA_32592g0010	Qs__XP_023897482.1	Vv__XP_002284848.1
OG0012149	one_per_species_in_Orthogroups	no	Cm__CmMahoganyH2.10G176400	Cula__CULA03G35700	Lf__L1049_004263	Lc__Lchi25031	Pa__MA_10427030g0010	Qs__XP_065637555.1	Vv__XP_002280519.2
OG0012150	one_per_species_in_Orthogroups	no	Cm__CmMahoganyH2.08G051400	Cula__CULA08G47450	Lf__L1049_013329	Lc__Lchi01179	Pa__MA_698449g0010	Qs__XP_065622883.1	Vv__XP_002280634.1
OG0012155	one_per_species_in_Orthogroups	no	Cm__CmMahoganyH2.12G010700	Cula__CULA09G24930	Lf__L1049_026055	Lc__Lchi16166	Pa__MA_49757g0010	Qs__XP_065616157.1	Vv__XP_003634940.1
OG0012157	one_per_species_in_Orthogroups	no	Cm__CmMahoganyH2.02G111300	Cula__CULA10G23780	Lf__L1049_020390	Lc__Lchi29995	Pa__MA_10432319g0010	Qs__XP_065639158.1	Vv__XP_010649380.1
OG0012159	one_per_species_in_Orthogroups	no	Cm__CmMahoganyH2.01G095800	Cula__CULA02G53390	Lf__L1049_018612	Lc__Lchi03699	Pa__MA_5461g0010	Qs__XP_023886474.2	Vv__XP_002283410.2
OG0012162	one_per_species_in_Orthogroups	no	Cm__CmMahoganyH2.10G080800	Cula__CULA02G37270	Lf__L1049_003979	Lc__Lchi26877	Pa__MA_65964g0010	Qs__XP_023886646.2	Vv__XP_002276328.2
OG0012164	one_per_species_in_Orthogroups	no	Cm__CmMahoganyH2.01G291600	Cula__CULA03G12120	Lf__L1049_002401	Lc__Lchi02865	Pa__MA_10431462g0010	Qs__XP_023886485.2	Vv__XP_002283932.1
OG0012172	one_per_species_in_Orthogroups	no	Cm__CmMahoganyH2.03G144200	Cula__CULA03G53880	Lf__L1049_007232	Lc__Lchi11393	Pa__MA_10430625g0010	Qs__XP_065637676.1	Vv__XP_002272590.2
OG0012173	one_per_species_in_Orthogroups	no	Cm__CmMahoganyH2.08G016500	Cula__CULA05G11530	Lf__L1049_006958	Lc__Lchi30613	Pa__MA_8393g0010	Qs__XP_023871449.1	Vv__XP_002283449.1
OG0012176	one_per_species_in_Orthogroups	no	Cm__CmMahoganyH2.08G002900	Cula__CULA07G54860	Lf__L1049_004457	Lc__Lchi05325	Pa__MA_10432879g0010	Qs__XP_023884224.1	Vv__XP_002266252.1
OG0012179	one_per_species_in_Orthogroups	no	Cm__CmMahoganyH2.06G203500	Cula__CULA02G39640	Lf__L1049_007106	Lc__Lchi08395	Pa__MA_70651g0010	Qs__XP_023913774.1	Vv__XP_002263861.1
OG0012183	one_per_species_in_Orthogroups	no	Cm__CmMahoganyH2.09G131000	Cula__CULA07G31450	Lf__L1049_009488	Lc__Lchi19960	Pa__MA_10426511g0010	Qs__XP_023929241.1	Vv__XP_002263213.1
OG0012189	one_per_species_in_Orthogroups	no	Cm__CmMahoganyH2.05G079400	Cula__CULA03G45500	Lf__L1049_003973	Lc__Lchi09550	Pa__MA_60111g0010	Qs__XP_023898025.1	Vv__XP_002272988.1
OG0012203	one_per_species_in_Orthogroups	no	Cm__CmMahoganyH2.10G036200	Cula__CULA02G35820	Lf__L1049_022065	Lc__Lchi19272	Pa__MA_947876g0010	Qs__XP_023924878.1	Vv__XP_002264869.2
OG0012208	one_per_species_in_Orthogroups	no	Cm__CmMahoganyH2.06G017300	Cula__CULA05G25860	Lf__L1049_000394	Lc__Lchi29865	Pa__MA_23426g0020	Qs__XP_065636426.1	Vv__XP_002268825.1
OG0012215	one_per_species_in_Orthogroups	yes	Cm__CmMahoganyH2.10G147200	Cula__CULA11G27610	Lf__L1049_025520	Lc__Lchi13789	Pa__MA_63370g0010	Qs__XP_023925173.2	Vv__XP_002285788.1
OG0012223	one_per_species_in_Orthogroups	no	Cm__CmMahoganyH2.10G070400	Cula__CULA08G41330	Lf__L1049_004878	Lc__Lchi00212	Pa__MA_524595g0010	Qs__XP_023895866.1	Vv__XP_002275043.1
OG0012227	one_per_species_in_Orthogroups	no	Cm__CmMahoganyH2.02G032700	Cula__CULA01G52140	Lf__L1049_016325	Lc__Lchi23040	Pa__MA_89633g0010	Qs__XP_023902368.1	Vv__XP_003631980.1
OG0012228	one_per_species_in_Orthogroups	no	Cm__CmMahoganyH2.01G280600	Cula__CULA09G22560	Lf__L1049_002612	Lc__Lchi04814	Pa__MA_138679g0010	Qs__XP_023916263.1	Vv__XP_002281420.1
OG0012229	one_per_species_in_Orthogroups	no	Cm__CmMahoganyH2.01G289000	Cula__CULA10G14090	Lf__L1049_002761	Lc__Lchi14298	Pa__MA_14707g0010	Qs__XP_023912746.1	Vv__XP_002283393.2
OG0012234	one_per_species_in_Orthogroups	no	Cm__CmMahoganyH2.10G139900	Cula__CULA03G27180	Lf__L1049_025681	Lc__Lchi09278	Pa__MA_77650g0010	Qs__XP_023891583.1	Vv__XP_002285817.1
OG0012236	one_per_species_in_Orthogroups	no	Cm__CmMahoganyH2.02G163000	Cula__CULA06G30060	Lf__L1049_024985	Lc__Lchi01922	Pa__MA_10435618g0010	Qs__XP_023924347.2	Vv__NP_001268202.1
OG0012239	one_per_species_in_Orthogroups	yes	Cm__CmMahoganyH2.05G009800	Cula__CULA04G22900	Lf__L1049_004275	Lc__Lchi11471	Pa__MA_99909g0010	Qs__XP_023901258.2	Vv__XP_002272277.1
OG0012240	one_per_species_in_Orthogroups	no	Cm__CmMahoganyH2.03G032800	Cula__CULA08G38550	Lf__L1049_023085	Lc__Lchi23789	Pa__MA_981g0010	Qs__XP_023882842.2	Vv__XP_002266748.1
OG0012243	one_per_species_in_Orthogroups	no	Cm__CmMahoganyH2.03G055300	Cula__CULA05G47880	Lf__L1049_019893	Lc__Lchi04426	Pa__MA_105116g0010	Qs__XP_065631415.1	Vv__XP_002274195.1
OG0012252	one_per_species_in_Orthogroups	no	Cm__CmMahoganyH2.10G057100	Cula__CULA05G41470	Lf__L1049_006520	Lc__Lchi17883	Pa__MA_130980g0010	Qs__XP_023876885.1	Vv__XP_002275649.1
OG0012256	one_per_species_in_Orthogroups	no	Cm__CmMahoganyH2.01G077000	Cula__CULA06G24430	Lf__L1049_026599	Lc__Lchi09354	Pa__MA_85007g0010	Qs__XP_023904487.1	Vv__XP_002272189.1
OG0012257	one_per_species_in_Orthogroups	no	Cm__CmMahoganyH2.01G099400	Cula__CULA02G70510	Lf__L1049_013896	Lc__Lchi03814	Pa__MA_763g0010	Qs__XP_023922437.2	Vv__XP_002282880.1
OG0012261	one_per_species_in_Orthogroups	no	Cm__CmMahoganyH2.02G154300	Cula__CULA01G61130	Lf__L1049_023642	Lc__Lchi11720	Pa__MA_179136g0010	Qs__XP_023891455.1	Vv__XP_002279446.1
OG0012262	one_per_species_in_Orthogroups	no	Cm__CmMahoganyH2.03G016300	Cula__CULA09G09850	Lf__L1049_020929	Lc__Lchi15562	Pa__MA_10483g0010	Qs__XP_023917210.1	Vv__XP_002277942.2
OG0012263	one_per_species_in_Orthogroups	no	Cm__CmMahoganyH2.03G062000	Cula__CULA06G25330	Lf__L1049_020253	Lc__Lchi26842	Pa__MA_938037g0010	Qs__XP_065615827.1	Vv__XP_002278422.1
OG0012270	one_per_species_in_Orthogroups	yes	Cm__CmMahoganyH2.08G167400	Cula__CULA06G31320	Lf__L1049_006254	Lc__Lchi10122	Pa__MA_20694g0010	Qs__XP_023883417.2	Vv__XP_002283981.1
OG0012276	one_per_species_in_Orthogroups	no	Cm__CmMahoganyH2.02G109600	Cula__CULA07G44070	Lf__L1049_017574	Lc__Lchi17197	Pa__MA_69008g0010	Qs__XP_065616624.1	Vv__XP_002264227.1
OG0012279	one_per_species_in_Orthogroups	no	Cm__CmMahoganyH2.05G093900	Cula__CULA01G69920	Lf__L1049_009684	Lc__Lchi08529	Pa__MA_171460g0010	Qs__XP_065627722.1	Vv__XP_010655463.1
OG0012281	one_per_species_in_Orthogroups	no	Cm__CmMahoganyH2.09G045700	Cula__CULA05G50620	Lf__L1049_013693	Lc__Lchi25514	Pa__MA_101067g0010	Qs__XP_023881864.1	Vv__XP_002283381.1
OG0012288	one_per_species_in_Orthogroups	no	Cm__CmMahoganyH2.04G136900	Cula__CULA09G36110	Lf__L1049_022283	Lc__Lchi11880	Pa__MA_10427298g0010	Qs__XP_023879024.2	Vv__XP_002263667.2
OG0012290	one_per_species_in_Orthogroups	no	Cm__CmMahoganyH2.07G024600	Cula__CULA11G10750	Lf__L1049_015302	Lc__Lchi05130	Pa__MA_10432990g0010	Qs__XP_065631920.1	Vv__XP_002267083.1
OG0012294	one_per_species_in_Orthogroups	no	Cm__CmMahoganyH2.04G054100	Cula__CULA01G32830	Lf__L1049_021277	Lc__Lchi10111	Pa__MA_10434590g0010	Qs__XP_023926919.1	Vv__XP_002268625.1
OG0012295	one_per_species_in_Orthogroups	yes	Cm__CmMahoganyH2.04G109900	Cula__CULA03G24320	Lf__L1049_028573	Lc__Lchi02914	Pa__MA_10432498g0010	Qs__XP_023928001.1	Vv__XP_002284929.1
OG0012302	one_per_species_in_Orthogroups	no	Cm__CmMahoganyH2.06G164300	Cula__CULA03G55890	Lf__L1049_012253	Lc__Lchi21583	Pa__MA_776900g0010	Qs__XP_023884221.1	Vv__XP_002279143.2
OG0012303	one_per_species_in_Orthogroups	no	Cm__CmMahoganyH2.06G228800	Cula__CULA10G10420	Lf__L1049_024261	Lc__Lchi18522	Pa__MA_126114g0010	Qs__XP_065626185.1	Vv__XP_002283267.1
OG0012315	one_per_species_in_Orthogroups	no	Cm__CmMahoganyH2.01G264800	Cula__CULA07G19590	Lf__L1049_003297	Lc__Lchi02386	Pa__MA_43690g0010	Qs__XP_023891260.1	Vv__XP_010660870.1
OG0012318	one_per_species_in_Orthogroups	no	Cm__CmMahoganyH2.04G090400	Cula__CULA01G66370	Lf__L1049_028337	Lc__Lchi12212	Pa__MA_10431892g0020	Qs__XP_023898729.2	Vv__XP_002273412.2
OG0012319	one_per_species_in_Orthogroups	no	Cm__CmMahoganyH2.03G110700	Cula__CULA05G53540	Lf__L1049_006708	Lc__Lchi17244	Pa__MA_74869g0010	Qs__XP_023882254.1	Vv__XP_002273831.1
OG0012320	one_per_species_in_Orthogroups	no	Cm__CmMahoganyH2.05G061700	Cula__CULA03G62320	Lf__L1049_001824	Lc__Lchi04758	Pa__MA_90165g0010	Qs__XP_023901250.1	Vv__XP_002281013.1
OG0012323	one_per_species_in_Orthogroups	no	Cm__CmMahoganyH2.09G129400	Cula__CULA04G01870	Lf__L1049_008230	Lc__Lchi00651	Pa__MA_6846689g0010	Qs__XP_023891016.1	Vv__XP_002281697.1
OG0012326	one_per_species_in_Orthogroups	no	Cm__CmMahoganyH2.12G136900	Cula__CULA08G32030	Lf__L1049_005375	Lc__Lchi22526	Pa__MA_627804g0010	Qs__XP_023920124.1	Vv__XP_002275953.1
OG0012331	one_per_species_in_Orthogroups	no	Cm__CmMahoganyH2.03G069900	Cula__CULA11G15840	Lf__L1049_020299	Lc__Lchi13089	Pa__MA_166588g0010	Qs__XP_023898760.1	Vv__XP_003633692.1
OG0012332	one_per_species_in_Orthogroups	no	Cm__CmMahoganyH2.03G156700	Cula__CULA02G60210	Lf__L1049_005846	Lc__Lchi23702	Pa__MA_10432866g0010	Qs__XP_065617615.1	Vv__XP_002269008.1
OG0012333	one_per_species_in_Orthogroups	no	Cm__CmMahoganyH2.04G167400	Cula__CULA05G49820	Lf__L1049_027712	Lc__Lchi02460	Pa__MA_139204g0010	Qs__XP_065632088.1	Vv__XP_003634223.1
OG0012335	one_per_species_in_Orthogroups	no	Cm__CmMahoganyH2.06G139600	Cula__CULA11G20970	Lf__L1049_011604	Lc__Lchi29086	Pa__MA_100751g0010	Qs__XP_065620634.1	Vv__XP_002273082.1
OG0012336	one_per_species_in_Orthogroups	no	Cm__CmMahoganyH2.08G015100	Cula__CULA05G24800	Lf__L1049_006894	Lc__Lchi16271	Pa__MA_9365g0010	Qs__XP_023880127.1	Vv__XP_002283553.1
OG0012337	one_per_species_in_Orthogroups	yes	Cm__CmMahoganyH2.09G100400	Cula__CULA09G02980	Lf__L1049_008867	Lc__Lchi16502	Pa__MA_10434108g0010	Qs__XP_065619816.1	Vv__XP_002275006.1
OG0012338	one_per_species_in_Orthogroups	no	Cm__CmMahoganyH2.10G068600	Cula__CULA07G33150	Lf__L1049_004691	Lc__Lchi06416	Pa__MA_41168g0010	Qs__XP_065636754.1	Vv__XP_002271180.1
OG0012339	one_per_species_in_Orthogroups	no	Cm__CmMahoganyH2.10G068700	Cula__CULA06G19650	Lf__L1049_004347	Lc__Lchi06417	Pa__MA_10434091g0010	Qs__XP_023872132.2	Vv__XP_002271147.1
OG0012340	one_per_species_in_Orthogroups	no	Cm__CmMahoganyH2.12G036000	Cula__CULA07G31400	Lf__L1049_019445	Lc__Lchi08585	Pa__MA_10426825g0010	Qs__XP_023923203.1	Vv__XP_002277330.1
OG0012342	one_per_species_in_Orthogroups	no	Cm__CmMahoganyH2.01G002700	Cula__CULA05G42980	Lf__L1049_018851	Lc__Lchi16764	Pa__MA_3571527g0010	Qs__XP_023883697.1	Vv__XP_003631808.1
OG0012343	one_per_species_in_Orthogroups	no	Cm__CmMahoganyH2.01G005300	Cula__CULA07G15000	Lf__L1049_019000	Lc__Lchi03415	Pa__MA_10434672g0010	Qs__XP_023904721.2	Vv__XP_002279110.1
OG0012344	one_per_species_in_Orthogroups	no	Cm__CmMahoganyH2.01G005800	Cula__CULA06G19970	Lf__L1049_018875	Lc__Lchi03461	Pa__MA_10436679g0010	Qs__XP_023904710.2	Vv__XP_019075088.1
OG0012350	one_per_species_in_Orthogroups	no	Cm__CmMahoganyH2.01G023100	Cula__CULA04G38450	Lf__L1049_025761	Lc__Lchi13167	Pa__MA_33034g0010	Qs__XP_023876314.2	Vv__XP_002282947.3
OG0012353	one_per_species_in_Orthogroups	no	Cm__CmMahoganyH2.01G033700	Cula__CULA06G41290	Lf__L1049_026675	Lc__Lchi13901	Pa__MA_10437158g0020	Qs__XP_023910929.1	Vv__XP_010664597.1
OG0012354	one_per_species_in_Orthogroups	no	Cm__CmMahoganyH2.01G039400	Cula__CULA08G49460	Lf__L1049_025491	Lc__Lchi23638	Pa__MA_130310g0010	Qs__XP_023905406.2	Vv__XP_010664636.1
OG0012355	one_per_species_in_Orthogroups	yes	Cm__CmMahoganyH2.01G039700	Cula__CULA09G31580	Lf__L1049_025432	Lc__Lchi23628	Pa__MA_18349g0020	Qs__XP_023905402.1	Vv__XP_002283650.1
OG0012357	one_per_species_in_Orthogroups	no	Cm__CmMahoganyH2.01G043600	Cula__CULA01G83710	Lf__L1049_026299	Lc__Lchi18773	Pa__MA_10285g0010	Qs__XP_065626932.1	Vv__XP_002281567.2
OG0012358	one_per_species_in_Orthogroups	no	Cm__CmMahoganyH2.01G045100	Cula__CULA09G45340	Lf__L1049_025380	Lc__Lchi18801	Pa__MA_10429464g0010	Qs__XP_065632189.1	Vv__XP_002281468.1
OG0012361	one_per_species_in_Orthogroups	no	Cm__CmMahoganyH2.01G057000	Cula__CULA11G11870	Lf__L1049_026922	Lc__Lchi29166	Pa__MA_167307g0010	Qs__XP_065632256.1	Vv__XP_002280655.1
OG0012364	one_per_species_in_Orthogroups	no	Cm__CmMahoganyH2.01G069200	Cula__CULA09G22310	Lf__L1049_026576	Lc__Lchi11233	Pa__MA_99302g0010	Qs__XP_023892486.1	Vv__XP_002285902.1
OG0012365	one_per_species_in_Orthogroups	yes	Cm__CmMahoganyH2.01G069600	Cula__CULA01G47750	Lf__L1049_025714	Lc__Lchi18683	Pa__MA_10427889g0020	Qs__XP_023892473.1	Vv__XP_002285904.1
OG0012367	one_per_species_in_Orthogroups	no	Cm__CmMahoganyH2.01G074500	Cula__CULA11G22550	Lf__L1049_025459	Lc__Lchi12120	Pa__MA_65267g0010	Qs__XP_023907617.2	Vv__XP_002272226.1
OG0012368	one_per_species_in_Orthogroups	no	Cm__CmMahoganyH2.01G074600	Cula__CULA09G44110	Lf__L1049_025490	Lc__Lchi12119	Pa__MA_9447489g0010	Qs__XP_023907614.2	Vv__XP_002270277.2
OG0012369	one_per_species_in_Orthogroups	no	Cm__CmMahoganyH2.01G075200	Cula__CULA04G30280	Lf__L1049_026088	Lc__Lchi26640	Pa__MA_10426906g0010	Qs__XP_023923182.1	Vv__XP_002285933.1
OG0012371	one_per_species_in_Orthogroups	no	Cm__CmMahoganyH2.01G080100	Cula__CULA08G38230	Lf__L1049_026744	Lc__Lchi33882	Pa__MA_10427730g0010	Qs__XP_023912037.2	Vv__XP_002273127.1
OG0012372	one_per_species_in_Orthogroups	no	Cm__CmMahoganyH2.01G080300	Cula__CULA08G44770	Lf__L1049_026253	Lc__Lchi11279	Pa__MA_166041g0010	Qs__XP_023912040.1	Vv__XP_002274365.1
OG0012373	one_per_species_in_Orthogroups	yes	Cm__CmMahoganyH2.01G080500	Cula__CULA05G27740	Lf__L1049_025707	Lc__Lchi03366	Pa__MA_104176g0010	Qs__XP_023905097.1	Vv__XP_002274272.1
OG0012374	one_per_species_in_Orthogroups	no	Cm__CmMahoganyH2.01G087700	Cula__CULA06G53010	Lf__L1049_026852	Lc__Lchi00613	Pa__MA_10215114g0010	Qs__XP_023899971.1	Vv__XP_002263052.1
OG0012376	one_per_species_in_Orthogroups	no	Cm__CmMahoganyH2.01G090500	Cula__CULA11G33530	Lf__L1049_018598	Lc__Lchi19688	Pa__MA_680251g0010	Qs__XP_065619239.1	Vv__XP_002281957.1
OG0012377	one_per_species_in_Orthogroups	yes	Cm__CmMahoganyH2.01G096000	Cula__CULA02G53300	Lf__L1049_013130	Lc__Lchi09633	Pa__MA_18584g0010	Qs__XP_023886431.1	Vv__XP_002285573.1
OG0012384	one_per_species_in_Orthogroups	yes	Cm__CmMahoganyH2.01G131900	Cula__CULA02G00390	Lf__L1049_022845	Lc__Lchi06496	Pa__MA_139280g0010	Qs__XP_065637850.1	Vv__XP_010660021.1
OG0012385	one_per_species_in_Orthogroups	no	Cm__CmMahoganyH2.01G134300	Cula__CULA10G35380	Lf__L1049_021866	Lc__Lchi06480	Pa__MA_121907g0010	Qs__XP_023904895.1	Vv__XP_002280885.1
OG0012387	one_per_species_in_Orthogroups	no	Cm__CmMahoganyH2.01G140100	Cula__CULA06G12280	Lf__L1049_022129	Lc__Lchi00022	Pa__MA_10430893g0010	Qs__XP_065636209.1	Vv__XP_002269912.1
OG0012389	one_per_species_in_Orthogroups	no	Cm__CmMahoganyH2.01G150800	Cula__CULA02G06470	Lf__L1049_026048	Lc__Lchi33526	Pa__MA_10427853g0010	Qs__XP_023911167.2	Vv__XP_002269211.1
OG0012391	one_per_species_in_Orthogroups	no	Cm__CmMahoganyH2.01G159500	Cula__CULA09G24240	Lf__L1049_025483	Lc__Lchi14004	Pa__MA_51020g0020	Qs__XP_023922641.1	Vv__XP_002265135.1
OG0012395	one_per_species_in_Orthogroups	no	Cm__CmMahoganyH2.01G167100	Cula__CULA03G57200	Lf__L1049_003079	Lc__Lchi29504	Pa__MA_10280536g0010	Qs__XP_023910757.1	Vv__XP_010661108.1
OG0012397	one_per_species_in_Orthogroups	yes	Cm__CmMahoganyH2.01G167600	Cula__CULA01G44330	Lf__L1049_002427	Lc__Lchi27190	Pa__MA_10436278g0010	Qs__XP_023910754.2	Vv__XP_002284191.1
OG0012398	one_per_species_in_Orthogroups	no	Cm__CmMahoganyH2.01G168800	Cula__CULA09G37800	Lf__L1049_000840	Lc__Lchi01008	Pa__MA_10426051g0010	Qs__XP_023893962.2	Vv__XP_002280942.1
OG0012399	one_per_species_in_Orthogroups	no	Cm__CmMahoganyH2.01G172400	Cula__CULA05G13560	Lf__L1049_023087	Lc__Lchi03571	Pa__MA_123340g0010	Qs__XP_023924762.2	Vv__XP_002280407.1
OG0012406	one_per_species_in_Orthogroups	no	Cm__CmMahoganyH2.01G199800	Cula__CULA08G39310	Lf__L1049_002030	Lc__Lchi25002	Pa__MA_185929g0010	Qs__XP_023916012.1	Vv__XP_019080686.1
OG0012407	one_per_species_in_Orthogroups	no	Cm__CmMahoganyH2.01G200400	Cula__CULA03G33910	Lf__L1049_002859	Lc__Lchi05896	Pa__MA_922767g0010	Qs__XP_023877021.2	Vv__XP_002274836.2
OG0012408	one_per_species_in_Orthogroups	no	Cm__CmMahoganyH2.01G202700	Cula__CULA02G41470	Lf__L1049_002238	Lc__Lchi19582	Pa__MA_10434974g0010	Qs__XP_023922068.2	Vv__XP_002270157.1
OG0012409	one_per_species_in_Orthogroups	no	Cm__CmMahoganyH2.01G202800	Cula__CULA11G23090	Lf__L1049_003036	Lc__Lchi05815	Pa__MA_556341g0010	Qs__XP_065623899.1	Vv__XP_002264144.1
OG0012410	one_per_species_in_Orthogroups	yes	Cm__CmMahoganyH2.01G209500	Cula__CULA11G15870	Lf__L1049_023128	Lc__Lchi16802	Pa__MA_10435781g0010	Qs__XP_023905564.1	Vv__XP_002280767.1
OG0012412	one_per_species_in_Orthogroups	yes	Cm__CmMahoganyH2.01G212100	Cula__CULA03G33800	Lf__L1049_022820	Lc__Lchi05176	Pa__MA_4773g0010	Qs__XP_023914410.1	Vv__XP_002281553.1
OG0012414	one_per_species_in_Orthogroups	yes	Cm__CmMahoganyH2.01G214900	Cula__CULA07G08030	Lf__L1049_023146	Lc__Lchi00757	Pa__MA_5086g0010	Qs__XP_023914085.2	Vv__XP_002282308.1
OG0012415	one_per_species_in_Orthogroups	no	Cm__CmMahoganyH2.01G215400	Cula__CULA05G54260	Lf__L1049_021892	Lc__Lchi00734	Pa__MA_10427814g0010	Qs__XP_023885190.1	Vv__XP_002282381.1
OG0012417	one_per_species_in_Orthogroups	no	Cm__CmMahoganyH2.01G224500	Cula__CULA07G33750	Lf__L1049_003066	Lc__Lchi12201	Pa__MA_10429059g0010	Qs__XP_023870340.1	Vv__XP_002278556.2
OG0012419	one_per_species_in_Orthogroups	no	Cm__CmMahoganyH2.01G226800	Cula__CULA06G26180	Lf__L1049_003039	Lc__Lchi07950	Pa__MA_19558g0010	Qs__XP_065627869.1	Vv__XP_002278111.1
OG0012422	one_per_species_in_Orthogroups	no	Cm__CmMahoganyH2.01G237600	Cula__CULA03G29890	Lf__L1049_002580	Lc__Lchi02364	Pa__MA_10429833g0010	Qs__XP_023909307.1	Vv__XP_002276522.1
OG0012424	one_per_species_in_Orthogroups	no	Cm__CmMahoganyH2.01G245700	Cula__CULA02G33650	Lf__L1049_003340	Lc__Lchi22554	Pa__MA_10427952g0010	Qs__XP_065623939.1	Vv__XP_002270554.1
OG0012428	one_per_species_in_Orthogroups	no	Cm__CmMahoganyH2.01G247700	Cula__CULA01G48570	Lf__L1049_002753	Lc__Lchi20407	Pa__MA_10426382g0010	Qs__XP_065616582.1	Vv__XP_003633767.1
OG0012429	one_per_species_in_Orthogroups	no	Cm__CmMahoganyH2.01G260500	Cula__CULA02G03190	Lf__L1049_002718	Lc__Lchi11687	Pa__MA_41164g0010	Qs__XP_023912381.2	Vv__XP_002272292.2
OG0012432	one_per_species_in_Orthogroups	no	Cm__CmMahoganyH2.01G266800	Cula__CULA08G01450	Lf__L1049_015410	Lc__Lchi22882	Pa__MA_10433037g0010	Qs__XP_065628889.1	Vv__XP_002273877.1
OG0012433	one_per_species_in_Orthogroups	no	Cm__CmMahoganyH2.01G268000	Cula__CULA10G07690	Lf__L1049_002052	Lc__Lchi14375	Pa__MA_56094g0010	Qs__XP_023924517.2	Vv__XP_002277200.1
OG0012435	one_per_species_in_Orthogroups	yes	Cm__CmMahoganyH2.01G275700	Cula__CULA10G03580	Lf__L1049_003047	Lc__Lchi23340	Pa__MA_59576g0010	Qs__XP_023876784.1	Vv__XP_002275276.3
OG0012438	one_per_species_in_Orthogroups	no	Cm__CmMahoganyH2.01G284400	Cula__CULA09G10940	Lf__L1049_003278	Lc__Lchi23114	Pa__MA_40506g0020	Qs__XP_023871112.2	Vv__XP_002277137.1
OG0012440	one_per_species_in_Orthogroups	yes	Cm__CmMahoganyH2.01G287000	Cula__CULA02G38930	Lf__L1049_003131	Lc__Lchi16431	Pa__MA_932319g0010	Qs__XP_023884697.2	Vv__XP_002275669.2
OG0012441	one_per_species_in_Orthogroups	yes	Cm__CmMahoganyH2.01G293100	Cula__CULA01G55350	Lf__L1049_002103	Lc__Lchi16081	Pa__MA_10436240g0010	Qs__XP_065619808.1	Vv__XP_010661103.2
OG0012442	one_per_species_in_Orthogroups	no	Cm__CmMahoganyH2.01G297300	Cula__CULA07G04060	Lf__L1049_000350	Lc__Lchi04685	Pa__MA_10427899g0010	Qs__XP_023876404.1	Vv__XP_002281353.1
OG0012443	one_per_species_in_Orthogroups	no	Cm__CmMahoganyH2.01G298200	Cula__CULA05G43070	Lf__L1049_001452	Lc__Lchi04697	Pa__MA_314327g0010	Qs__XP_023915995.1	Vv__XP_002281531.1
OG0012444	one_per_species_in_Orthogroups	no	Cm__CmMahoganyH2.01G299000	Cula__CULA02G00080	Lf__L1049_000206	Lc__Lchi04721	Pa__MA_960556g0010	Qs__XP_023894183.2	Vv__XP_002284876.1
OG0012447	one_per_species_in_Orthogroups	yes	Cm__CmMahoganyH2.01G315400	Cula__CULA01G52160	Lf__L1049_000830	Lc__Lchi03313	Pa__MA_10432323g0010	Qs__XP_023912760.1	Vv__XP_002264212.1
OG0012449	one_per_species_in_Orthogroups	no	Cm__CmMahoganyH2.01G322300	Cula__CULA01G34020	Lf__L1049_024296	Lc__Lchi07034	Pa__MA_23553g0010	Qs__XP_023918557.2	Vv__XP_010662843.1
OG0012451	one_per_species_in_Orthogroups	no	Cm__CmMahoganyH2.01G327000	Cula__CULA04G28130	Lf__L1049_008450	Lc__Lchi20258	Pa__MA_77020g0010	Qs__XP_023883794.1	Vv__XP_002277066.1
OG0012452	one_per_species_in_Orthogroups	yes	Cm__CmMahoganyH2.01G328500	Cula__CULA10G34680	Lf__L1049_022461	Lc__Lchi15634	Pa__MA_141060g0010	Qs__XP_065620745.1	Vv__XP_010656613.1
OG0012453	one_per_species_in_Orthogroups	yes	Cm__CmMahoganyH2.01G330300	Cula__CULA03G56400	Lf__L1049_022044	Lc__Lchi03742	Pa__MA_30078g0010	Qs__XP_023913561.1	Vv__XP_002277519.1
OG0012455	one_per_species_in_Orthogroups	no	Cm__CmMahoganyH2.01G333300	Cula__CULA01G55430	Lf__L1049_022676	Lc__Lchi03698	Pa__MA_10430473g0010	Qs__XP_023883689.1	Vv__XP_002273237.1
OG0012457	one_per_species_in_Orthogroups	yes	Cm__CmMahoganyH2.01G338100	Cula__CULA02G67910	Lf__L1049_023186	Lc__Lchi03665	Pa__MA_444126g0010	Qs__XP_065625519.1	Vv__XP_002263171.1
OG0012458	one_per_species_in_Orthogroups	yes	Cm__CmMahoganyH2.01G343100	Cula__CULA02G46060	Lf__L1049_022658	Lc__Lchi03228	Pa__MA_10429638g0010	Qs__XP_065625785.1	Vv__XP_002270551.1
OG0012460	one_per_species_in_Orthogroups	yes	Cm__CmMahoganyH2.01G346800	Cula__CULA07G48460	Lf__L1049_011444	Lc__Lchi05128	Pa__MA_20544g0010	Qs__XP_023913730.2	Vv__XP_002271128.1
OG0012462	one_per_species_in_Orthogroups	yes	Cm__CmMahoganyH2.01G360500	Cula__CULA04G14450	Lf__L1049_014560	Lc__Lchi18508	Pa__MA_78775g0010	Qs__XP_023909248.1	Vv__XP_002263809.1
OG0012464	one_per_species_in_Orthogroups	yes	Cm__CmMahoganyH2.01G369400	Cula__CULA01G49890	Lf__L1049_015782	Lc__Lchi01977	Pa__MA_111908g0010	Qs__XP_023904832.1	Vv__XP_002269518.2
OG0012470	one_per_species_in_Orthogroups	yes	Cm__CmMahoganyH2.02G006900	Cula__CULA03G23810	Lf__L1049_017171	Lc__Lchi16793	Pa__MA_10433231g0010	Qs__XP_065623444.1	Vv__XP_010649942.1
OG0012471	one_per_species_in_Orthogroups	no	Cm__CmMahoganyH2.02G015500	Cula__CULASca15310.1	Lf__L1049_016045	Lc__Lchi03895	Pa__MA_10428190g0010	Qs__XP_065626570.1	Vv__XP_002282361.1
OG0012472	one_per_species_in_Orthogroups	no	Cm__CmMahoganyH2.02G016400	Cula__CULA06G37890	Lf__L1049_016154	Lc__Lchi12036	Pa__MA_10271g0010	Qs__XP_023926723.2	Vv__XP_002282170.1
OG0012473	one_per_species_in_Orthogroups	no	Cm__CmMahoganyH2.02G023900	Cula__CULA08G42480	Lf__L1049_017766	Lc__Lchi19724	Pa__MA_34680g0010	Qs__XP_023895698.2	Vv__NP_001268077.1
OG0012474	one_per_species_in_Orthogroups	yes	Cm__CmMahoganyH2.02G026300	Cula__CULA05G24260	Lf__L1049_016891	Lc__Lchi19855	Pa__MA_207261g0010	Qs__XP_065627401.1	Vv__XP_002277614.1
OG0012475	one_per_species_in_Orthogroups	yes	Cm__CmMahoganyH2.02G026400	Cula__CULA07G32950	Lf__L1049_017478	Lc__Lchi19846	Pa__MA_9520615g0010	Qs__XP_023879905.2	Vv__XP_002280269.1
OG0012476	one_per_species_in_Orthogroups	no	Cm__CmMahoganyH2.02G026800	Cula__CULA09G04240	Lf__L1049_022482	Lc__Lchi15505	Pa__MA_36944g0020	Qs__XP_065631093.1	Vv__XP_002272283.1
OG0012478	one_per_species_in_Orthogroups	yes	Cm__CmMahoganyH2.02G030000	Cula__CULA05G26840	Lf__L1049_016589	Lc__Lchi07871	Pa__MA_10426913g0010	Qs__XP_023908059.1	Vv__XP_002277396.2
OG0012479	one_per_species_in_Orthogroups	yes	Cm__CmMahoganyH2.02G030300	Cula__CULA05G44170	Lf__L1049_017742	Lc__Lchi16657	Pa__MA_20129g0010	Qs__XP_023908064.2	Vv__XP_010649846.1
OG0012480	one_per_species_in_Orthogroups	no	Cm__CmMahoganyH2.02G033600	Cula__CULA11G01100	Lf__L1049_017456	Lc__Lchi14512	Pa__MA_10437153g0010	Qs__XP_023897327.1	Vv__XP_002277039.1
OG0012481	one_per_species_in_Orthogroups	no	Cm__CmMahoganyH2.02G037600	Cula__CULA05G37000	Lf__L1049_017001	Lc__Lchi00474	Pa__MA_129451g0010	Qs__XP_023920413.2	Vv__XP_002276628.1
OG0012482	one_per_species_in_Orthogroups	no	Cm__CmMahoganyH2.02G038400	Cula__CULA05G48180	Lf__L1049_016225	Lc__Lchi04456	Pa__MA_102992g0020	Qs__XP_065625110.1	Vv__XP_002275787.1
OG0012484	one_per_species_in_Orthogroups	no	Cm__CmMahoganyH2.02G047300	Cula__CULA05G28520	Lf__L1049_016657	Lc__Lchi13887	Pa__MA_79020g0010	Qs__XP_065626298.1	Vv__XP_002262991.2
OG0012490	one_per_species_in_Orthogroups	yes	Cm__CmMahoganyH2.02G058300	Cula__CULA07G07110	Lf__L1049_016698	Lc__Lchi00216	Pa__MA_10427302g0010	Qs__XP_065626629.1	Vv__XP_002276956.1
OG0012492	one_per_species_in_Orthogroups	yes	Cm__CmMahoganyH2.02G062900	Cula__CULA09G17010	Lf__L1049_016164	Lc__Lchi00152	Pa__MA_266797g0010	Qs__XP_065626894.1	Vv__XP_002279647.1
OG0012494	one_per_species_in_Orthogroups	yes	Cm__CmMahoganyH2.02G066400	Cula__CULA10G00310	Lf__L1049_016905	Lc__Lchi06344	Pa__MA_824803g0010	Qs__XP_023910681.2	Vv__XP_002262955.1
OG0012500	one_per_species_in_Orthogroups	no	Cm__CmMahoganyH2.02G081000	Cula__CULA08G01720	Lf__L1049_016573	Lc__Lchi24187	Pa__MA_8277171g0010	Qs__XP_023883896.2	Vv__XP_002284752.1
OG0012502	one_per_species_in_Orthogroups	no	Cm__CmMahoganyH2.02G087900	Cula__CULA08G28940	Lf__L1049_017091	Lc__Lchi21696	Pa__MA_10427239g0010	Qs__XP_023924676.1	Vv__XP_010650116.1
OG0012503	one_per_species_in_Orthogroups	no	Cm__CmMahoganyH2.02G091400	Cula__CULA04G58250	Lf__L1049_016204	Lc__Lchi12685	Pa__MA_20260g0010	Qs__XP_023901054.1	Vv__XP_002285452.1
OG0012506	one_per_species_in_Orthogroups	yes	Cm__CmMahoganyH2.02G097300	Cula__CULA09G26910	Lf__L1049_005314	Lc__Lchi08261	Pa__MA_9290429g0010	Qs__XP_023888038.1	Vv__XP_002265849.1
OG0012507	one_per_species_in_Orthogroups	no	Cm__CmMahoganyH2.02G097500	Cula__CULA10G35850	Lf__L1049_017690	Lc__Lchi29543	Pa__MA_10431202g0010	Qs__XP_023928084.2	Vv__XP_002285610.1
OG0012508	one_per_species_in_Orthogroups	yes	Cm__CmMahoganyH2.02G098200	Cula__CULA02G19200	Lf__L1049_016040	Lc__Lchi20092	Pa__MA_10427482g0010	Qs__XP_023928081.2	Vv__XP_002285620.1
OG0012509	one_per_species_in_Orthogroups	no	Cm__CmMahoganyH2.02G101600	Cula__CULA08G27220	Lf__L1049_016096	Lc__Lchi08289	Pa__MA_46288g0010	Qs__XP_023928773.1	Vv__XP_002267189.2
OG0012513	one_per_species_in_Orthogroups	no	Cm__CmMahoganyH2.02G114200	Cula__CULA10G45500	Lf__L1049_003076	Lc__Lchi26151	Pa__MA_10432924g0010	Qs__XP_023901253.2	Vv__XP_002282176.1
OG0012516	one_per_species_in_Orthogroups	no	Cm__CmMahoganyH2.02G120900	Cula__CULA08G16560	Lf__L1049_003130	Lc__Lchi14015	Pa__MA_10430592g0010	Qs__XP_023895400.1	Vv__XP_019076612.1
OG0012517	one_per_species_in_Orthogroups	no	Cm__CmMahoganyH2.02G122600	Cula__CULA07G51920	Lf__L1049_003088	Lc__Lchi02983	Pa__MA_35925g0020	Qs__XP_023883507.1	Vv__XP_002280295.1
OG0012518	one_per_species_in_Orthogroups	yes	Cm__CmMahoganyH2.02G127700	Cula__CULA06G30710	Lf__L1049_023878	Lc__Lchi18460	Pa__MA_110148g0010	Qs__XP_023884400.2	Vv__XP_002269841.1
OG0012521	one_per_species_in_Orthogroups	no	Cm__CmMahoganyH2.02G143300	Cula__CULA09G35770	Lf__L1049_024523	Lc__Lchi18260	Pa__MA_10437211g0010	Qs__XP_065617362.1	Vv__NP_001290013.1
OG0012526	one_per_species_in_Orthogroups	no	Cm__CmMahoganyH2.02G153900	Cula__CULA03G06270	Lf__L1049_023482	Lc__Lchi08098	Pa__MA_10436489g0010	Qs__XP_023922575.2	Vv__XP_002284222.1
OG0012527	one_per_species_in_Orthogroups	yes	Cm__CmMahoganyH2.02G161400	Cula__CULA01G54760	Lf__L1049_025145	Lc__Lchi16963	Pa__MA_22661g0010	Qs__XP_023876367.1	Vv__XP_002282885.1
OG0012528	one_per_species_in_Orthogroups	yes	Cm__CmMahoganyH2.02G161900	Cula__CULA04G22560	Lf__L1049_023637	Lc__Lchi28037	Pa__MA_3471g0020	Qs__XP_023915091.1	Vv__XP_010652806.1
OG0012534	one_per_species_in_Orthogroups	no	Cm__CmMahoganyH2.02G171400	Cula__CULA09G28770	Lf__L1049_004086	Lc__Lchi09005	Pa__MA_10429518g0010	Qs__XP_023926632.2	Vv__XP_003635085.1
OG0012536	one_per_species_in_Orthogroups	no	Cm__CmMahoganyH2.02G180300	Cula__CULA06G15610	Lf__L1049_023388	Lc__Lchi33577	Pa__MA_92522g0010	Qs__XP_065616763.1	Vv__XP_010649139.1
OG0012539	one_per_species_in_Orthogroups	yes	Cm__CmMahoganyH2.02G188300	Cula__CULA08G43260	Lf__L1049_023387	Lc__Lchi09679	Pa__MA_102379g0010	Qs__XP_065619340.1	Vv__XP_019074071.1
OG0012542	one_per_species_in_Orthogroups	no	Cm__CmMahoganyH2.02G195400	Cula__CULA08G44370	Lf__L1049_003028	Lc__Lchi09774	Pa__MA_10428943g0010	Qs__XP_065628856.1	Vv__XP_002268717.2
OG0012543	one_per_species_in_Orthogroups	yes	Cm__CmMahoganyH2.02G201700	Cula__CULA03G10460	Lf__L1049_002064	Lc__Lchi14056	Pa__MA_9582737g0010	Qs__XP_065634294.1	Vv__XP_010652841.1
OG0012545	one_per_species_in_Orthogroups	yes	Cm__CmMahoganyH2.02G208300	Cula__CULA10G46630	Lf__L1049_003350	Lc__Lchi04367	Pa__MA_3996g0010	Qs__XP_023927763.1	Vv__XP_002282764.2
OG0012546	one_per_species_in_Orthogroups	no	Cm__CmMahoganyH2.02G209200	Cula__CULA02G17060	Lf__L1049_023732	Lc__Lchi11206	Pa__MA_20115g0030	Qs__XP_023882755.2	Vv__XP_019074015.1
OG0012548	one_per_species_in_Orthogroups	yes	Cm__CmMahoganyH2.02G212100	Cula__CULA02G15060	Lf__L1049_023378	Lc__Lchi23595	Pa__MA_10430085g0010	Qs__XP_023884684.1	Vv__XP_002278598.1
OG0012550	one_per_species_in_Orthogroups	no	Cm__CmMahoganyH2.03G007800	Cula__CULA08G28190	Lf__L1049_020118	Lc__Lchi00076	Pa__MA_10181246g0010	Qs__XP_023914234.2	Vv__XP_010659746.1
OG0012551	one_per_species_in_Orthogroups	no	Cm__CmMahoganyH2.03G015600	Cula__CULA07G08870	Lf__L1049_021148	Lc__Lchi06461	Pa__MA_314789g0010	Qs__XP_023917203.1	Vv__XP_002278016.3
OG0012552	one_per_species_in_Orthogroups	no	Cm__CmMahoganyH2.03G020500	Cula__CULA07G44610	Lf__L1049_019740	Lc__Lchi00141	Pa__MA_8401646g0010	Qs__XP_023891645.1	Vv__XP_002281646.1
OG0012553	one_per_species_in_Orthogroups	yes	Cm__CmMahoganyH2.03G021600	Cula__CULA01G48010	Lf__L1049_020840	Lc__Lchi06373	Pa__MA_81231g0010	Qs__XP_023926437.1	Vv__XP_002281448.2
OG0012554	one_per_species_in_Orthogroups	yes	Cm__CmMahoganyH2.03G025900	Cula__CULA05G09190	Lf__L1049_020357	Lc__Lchi20764	Pa__MA_10431992g0010	Qs__XP_065633608.1	Vv__XP_002278296.1
OG0012555	one_per_species_in_Orthogroups	no	Cm__CmMahoganyH2.03G037000	Cula__CULA05G52020	Lf__L1049_019253	Lc__Lchi00397	Pa__MA_10429014g0010	Qs__XP_023883370.2	Vv__XP_002279749.2
OG0012556	one_per_species_in_Orthogroups	yes	Cm__CmMahoganyH2.03G039500	Cula__CULA09G02280	Lf__L1049_019345	Lc__Lchi12054	Pa__MA_10428941g0010	Qs__XP_065632346.1	Vv__XP_002284549.1
OG0012559	one_per_species_in_Orthogroups	yes	Cm__CmMahoganyH2.03G046200	Cula__CULA05G26670	Lf__L1049_019381	Lc__Lchi22841	Pa__MA_10433010g0010	Qs__XP_023897935.2	Vv__XP_002284939.1
OG0012563	one_per_species_in_Orthogroups	yes	Cm__CmMahoganyH2.03G072700	Cula__CULA05G13530	Lf__L1049_005191	Lc__Lchi10789	Pa__MA_134064g0010	Qs__XP_023870482.2	Vv__XP_002269450.1
OG0012564	one_per_species_in_Orthogroups	no	Cm__CmMahoganyH2.03G075800	Cula__CULA11G16160	Lf__L1049_020981	Lc__Lchi17236	Pa__MA_10204389g0010	Qs__XP_023926580.1	Vv__XP_010660117.1
OG0012571	one_per_species_in_Orthogroups	no	Cm__CmMahoganyH2.03G100600	Cula__CULA09G24080	Lf__L1049_022161	Lc__Lchi12511	Pa__MA_10429789g0020	Qs__XP_023909230.1	Vv__XP_002271878.2
OG0012572	one_per_species_in_Orthogroups	yes	Cm__CmMahoganyH2.03G101200	Cula__CULA02G08920	Lf__L1049_022895	Lc__Lchi12523	Pa__MA_42352g0020	Qs__XP_065630921.1	Vv__XP_010654554.1
OG0012573	one_per_species_in_Orthogroups	yes	Cm__CmMahoganyH2.03G107400	Cula__CULA05G47590	Lf__L1049_007221	Lc__Lchi11769	Pa__MA_764890g0010	Qs__XP_023873069.1	Vv__XP_002275396.1
OG0012575	one_per_species_in_Orthogroups	no	Cm__CmMahoganyH2.03G109000	Cula__CULA11G31690	Lf__L1049_007180	Lc__Lchi12229	Pa__MA_460253g0010	Qs__XP_023876614.1	Vv__XP_002271276.1
OG0012577	one_per_species_in_Orthogroups	yes	Cm__CmMahoganyH2.03G113600	Cula__CULA05G31480	Lf__L1049_005823	Lc__Lchi02372	Pa__MA_10430187g0010	Qs__XP_023872423.1	Vv__XP_002270985.1
OG0012578	one_per_species_in_Orthogroups	yes	Cm__CmMahoganyH2.03G114800	Cula__CULA05G38990	Lf__L1049_007311	Lc__Lchi16429	Pa__MA_327445g0010	Qs__XP_023875682.1	Vv__XP_010657252.1
OG0012580	one_per_species_in_Orthogroups	no	Cm__CmMahoganyH2.03G117900	Cula__CULA05G48240	Lf__L1049_027441	Lc__Lchi02477	Pa__MA_58424g0010	Qs__XP_023882142.1	Vv__XP_002265340.1
OG0012581	one_per_species_in_Orthogroups	yes	Cm__CmMahoganyH2.03G119300	Cula__CULA06G41280	Lf__L1049_006267	Lc__Lchi02483	Pa__MA_10185649g0010	Qs__XP_023905782.1	Vv__XP_002266409.2
OG0012582	one_per_species_in_Orthogroups	yes	Cm__CmMahoganyH2.03G121500	Cula__CULA11G11840	Lf__L1049_006553	Lc__Lchi22537	Pa__MA_10434295g0010	Qs__XP_023918519.1	Vv__XP_002276787.1
OG0012583	one_per_species_in_Orthogroups	yes	Cm__CmMahoganyH2.03G122100	Cula__CULA03G34530	Lf__L1049_007122	Lc__Lchi22556	Pa__MA_10435790g0020	Qs__XP_023926711.1	Vv__XP_010655984.1
OG0012585	one_per_species_in_Orthogroups	no	Cm__CmMahoganyH2.03G126700	Cula__CULA06G39260	Lf__L1049_006957	Lc__Lchi08030	Pa__MA_10427223g0010	Qs__XP_023906560.1	Vv__XP_010655451.1
OG0012588	one_per_species_in_Orthogroups	no	Cm__CmMahoganyH2.03G142900	Cula__CULA04G35880	Lf__L1049_007303	Lc__Lchi10089	Pa__MA_104872g0010	Qs__XP_065637586.1	Vv__XP_002272662.1
OG0012590	one_per_species_in_Orthogroups	no	Cm__CmMahoganyH2.03G144300	Cula__CULA08G26900	Lf__L1049_005526	Lc__Lchi11394	Pa__MA_432573g0010	Qs__XP_023898199.1	Vv__XP_010646484.1
OG0012592	one_per_species_in_Orthogroups	yes	Cm__CmMahoganyH2.03G156300	Cula__CULA02G62270	Lf__L1049_006577	Lc__Lchi23684	Pa__MA_9033g0010	Qs__XP_023906865.1	Vv__XP_002266222.1
OG0012593	one_per_species_in_Orthogroups	yes	Cm__CmMahoganyH2.03G157300	Cula__CULA03G31070	Lf__L1049_006622	Lc__Lchi23712	Pa__MA_10435608g0010	Qs__XP_023877895.2	Vv__XP_010653065.1
OG0012594	one_per_species_in_Orthogroups	yes	Cm__CmMahoganyH2.03G166700	Cula__CULA09G10480	Lf__L1049_006058	Lc__Lchi25982	Pa__MA_19954g0010	Qs__XP_023888647.2	Vv__XP_003631283.1
OG0012595	one_per_species_in_Orthogroups	yes	Cm__CmMahoganyH2.03G170900	Cula__CULA04G58220	Lf__L1049_002243	Lc__Lchi22868	Pa__MA_10428009g0010	Qs__XP_023920533.2	Vv__XP_010657804.1
OG0012596	one_per_species_in_Orthogroups	yes	Cm__CmMahoganyH2.03G177100	Cula__CULA03G20020	Lf__L1049_007238	Lc__Lchi02880	Pa__MA_45311g0010	Qs__XP_023893594.1	Vv__XP_010651872.1
OG0012597	one_per_species_in_Orthogroups	yes	Cm__CmMahoganyH2.03G177400	Cula__CULA10G26070	Lf__L1049_006710	Lc__Lchi14349	Pa__MA_3406g0020	Qs__XP_023893650.2	Vv__XP_010655344.2
OG0012602	one_per_species_in_Orthogroups	yes	Cm__CmMahoganyH2.03G190400	Cula__CULA01G51290	Lf__L1049_006635	Lc__Lchi12658	Pa__MA_10436610g0010	Qs__XP_023884641.1	Vv__XP_002274321.2
OG0012604	one_per_species_in_Orthogroups	no	Cm__CmMahoganyH2.03G194400	Cula__CULA03G78230	Lf__L1049_007156	Lc__Lchi14678	Pa__MA_164185g0010	Qs__XP_023880983.1	Vv__XP_002265598.1
OG0012605	one_per_species_in_Orthogroups	yes	Cm__CmMahoganyH2.04G000600	Cula__CULA05G46520	Lf__L1049_017484	Lc__Lchi11756	Pa__MA_169555g0010	Qs__XP_023890796.2	Vv__XP_002280840.1
OG0012606	one_per_species_in_Orthogroups	yes	Cm__CmMahoganyH2.04G000700	Cula__CULA04G44740	Lf__L1049_016337	Lc__Lchi26038	Pa__MA_81112g0010	Qs__XP_065619683.1	Vv__XP_002272730.1
OG0012608	one_per_species_in_Orthogroups	no	Cm__CmMahoganyH2.04G013700	Cula__CULA03G29820	Lf__L1049_010776	Lc__Lchi14750	Pa__MA_90870g0010	Qs__XP_023908336.1	Vv__XP_002278183.2
OG0012609	one_per_species_in_Orthogroups	no	Cm__CmMahoganyH2.04G022300	Cula__CULA01G47010	Lf__L1049_017007	Lc__Lchi16057	Pa__MA_91136g0010	Qs__XP_065631205.1	Vv__XP_002274062.2
OG0012613	one_per_species_in_Orthogroups	yes	Cm__CmMahoganyH2.04G032900	Cula__CULA06G31980	Lf__L1049_016810	Lc__Lchi16137	Pa__MA_10243652g0010	Qs__XP_023884022.2	Vv__XP_002264387.1
OG0012614	one_per_species_in_Orthogroups	no	Cm__CmMahoganyH2.04G033000	Cula__CULA06G47220	Lf__L1049_024518	Lc__Lchi17347	Pa__MA_127987g0010	Qs__XP_023912528.1	Vv__XP_010657283.1
OG0012615	one_per_species_in_Orthogroups	yes	Cm__CmMahoganyH2.04G033800	Cula__CULA06G32000	Lf__L1049_016839	Lc__Lchi16139	Pa__MA_10431721g0010	Qs__XP_065624171.1	Vv__XP_002264306.1
OG0012617	one_per_species_in_Orthogroups	no	Cm__CmMahoganyH2.04G035400	Cula__CULA09G36210	Lf__L1049_016156	Lc__Lchi27670	Pa__MA_10425774g0020	Qs__XP_023927459.1	Vv__XP_002263044.1
OG0012620	one_per_species_in_Orthogroups	yes	Cm__CmMahoganyH2.04G042900	Cula__CULA07G04620	Lf__L1049_019256	Lc__Lchi01782	Pa__MA_11025g0010	Qs__XP_023881812.2	Vv__XP_002274138.2
OG0012621	one_per_species_in_Orthogroups	no	Cm__CmMahoganyH2.04G043300	Cula__CULA03G50550	Lf__L1049_019889	Lc__Lchi01779	Pa__MA_35531g0020	Qs__XP_023897151.2	Vv__XP_002262727.1
OG0012623	one_per_species_in_Orthogroups	yes	Cm__CmMahoganyH2.04G055300	Cula__CULA03G37380	Lf__L1049_016962	Lc__Lchi06641	Pa__MA_101231g0010	Qs__XP_023890076.2	Vv__XP_010653032.1
OG0012625	one_per_species_in_Orthogroups	no	Cm__CmMahoganyH2.04G060400	Cula__CULA01G10050	Lf__L1049_020545	Lc__Lchi01647	Pa__MA_10221600g0010	Qs__XP_023871672.1	Vv__XP_002267329.1
OG0012626	one_per_species_in_Orthogroups	yes	Cm__CmMahoganyH2.04G062400	Cula__CULA10G29320	Lf__L1049_000046	Lc__Lchi10176	Pa__MA_10432188g0010	Qs__XP_023882233.1	Vv__XP_002263858.1
OG0012627	one_per_species_in_Orthogroups	yes	Cm__CmMahoganyH2.04G065700	Cula__CULA04G64980	Lf__L1049_028362	Lc__Lchi19716	Pa__MA_8234g0010	Qs__XP_065631637.1	Vv__XP_002271255.1
OG0012629	one_per_species_in_Orthogroups	yes	Cm__CmMahoganyH2.04G070700	Cula__CULA01G71580	Lf__L1049_028115	Lc__Lchi16378	Pa__MA_10429827g0010	Qs__XP_065635090.1	Vv__XP_002278278.1
OG0012630	one_per_species_in_Orthogroups	yes	Cm__CmMahoganyH2.04G070900	Cula__CULA01G76080	Lf__L1049_028072	Lc__Lchi16379	Pa__MA_10436268g0010	Qs__XP_023889105.1	Vv__XP_003634204.1
OG0012632	one_per_species_in_Orthogroups	yes	Cm__CmMahoganyH2.04G073800	Cula__CULA01G69640	Lf__L1049_028492	Lc__Lchi20624	Pa__MA_28211g0010	Qs__XP_023912849.1	Vv__XP_002277812.1
OG0012633	one_per_species_in_Orthogroups	no	Cm__CmMahoganyH2.04G074800	Cula__CULA05G43780	Lf__L1049_028075	Lc__Lchi16206	Pa__MA_18588g0010	Qs__XP_023918678.1	Vv__XP_002280234.1
OG0012635	one_per_species_in_Orthogroups	no	Cm__CmMahoganyH2.04G080700	Cula__CULA10G19140	Lf__L1049_028327	Lc__Lchi24105	Pa__MA_181270g0010	Qs__XP_023929887.1	Vv__XP_002276428.1
OG0012637	one_per_species_in_Orthogroups	yes	Cm__CmMahoganyH2.04G085800	Cula__CULA11G21850	Lf__L1049_017529	Lc__Lchi14421	Pa__MA_118438g0010	Qs__XP_023884907.1	Vv__XP_002273001.3
OG0012638	one_per_species_in_Orthogroups	yes	Cm__CmMahoganyH2.04G088300	Cula__CULA01G26180	Lf__L1049_028420	Lc__Lchi29573	Pa__MA_10429471g0010	Qs__XP_023891357.1	Vv__XP_019081976.1
OG0012643	one_per_species_in_Orthogroups	no	Cm__CmMahoganyH2.04G107800	Cula__CULA03G58080	Lf__L1049_027552	Lc__Lchi14337	Pa__MA_65346g0010	Qs__XP_023894359.1	Vv__XP_002284856.1
OG0012644	one_per_species_in_Orthogroups	no	Cm__CmMahoganyH2.04G114500	Cula__CULA06G45770	Lf__L1049_027469	Lc__Lchi14384	Pa__MA_102591g0010	Qs__XP_023875041.1	Vv__XP_002282612.1
OG0012649	one_per_species_in_Orthogroups	yes	Cm__CmMahoganyH2.04G143000	Cula__CULA02G03570	Lf__L1049_027933	Lc__Lchi10308	Pa__MA_82669g0010	Qs__XP_023922085.1	Vv__XP_002276849.2
OG0012650	one_per_species_in_Orthogroups	yes	Cm__CmMahoganyH2.04G146400	Cula__CULA07G50120	Lf__L1049_028494	Lc__Lchi25555	Pa__MA_10433971g0010	Qs__XP_023894214.2	Vv__XP_002278792.2
OG0012651	one_per_species_in_Orthogroups	no	Cm__CmMahoganyH2.04G150500	Cula__CULA01G48500	Lf__L1049_027899	Lc__Lchi10261	Pa__MA_937859g0010	Qs__XP_065636159.1	Vv__XP_002276501.1
OG0012653	one_per_species_in_Orthogroups	no	Cm__CmMahoganyH2.04G157500	Cula__CULA01G73960	Lf__L1049_028058	Lc__Lchi02606	Pa__MA_10432175g0010	Qs__XP_065630326.1	Vv__XP_002279916.1
OG0012655	one_per_species_in_Orthogroups	no	Cm__CmMahoganyH2.04G162600	Cula__CULA03G35430	Lf__L1049_027771	Lc__Lchi02505	Pa__MA_2211g0010	Qs__XP_065626601.1	Vv__XP_002280221.1
OG0012661	one_per_species_in_Orthogroups	yes	Cm__CmMahoganyH2.05G015600	Cula__CULA11G34150	Lf__L1049_004550	Lc__Lchi02745	Pa__MA_10429986g0010	Qs__XP_065630044.1	Vv__XP_002274016.1
OG0012665	one_per_species_in_Orthogroups	no	Cm__CmMahoganyH2.05G026700	Cula__CULA09G04680	Lf__L1049_022846	Lc__Lchi15500	Pa__MA_450000g0010	Qs__XP_065618226.1	Vv__XP_002272694.1
OG0012666	one_per_species_in_Orthogroups	yes	Cm__CmMahoganyH2.05G028600	Cula__CULA09G26890	Lf__L1049_003696	Lc__Lchi00793	Pa__MA_10193025g0010	Qs__XP_023882784.2	Vv__XP_010654541.1
OG0012669	one_per_species_in_Orthogroups	yes	Cm__CmMahoganyH2.05G043100	Cula__CULA09G31260	Lf__L1049_004180	Lc__Lchi00911	Pa__MA_10432740g0010	Qs__XP_065637214.1	Vv__XP_010654620.1
OG0012670	one_per_species_in_Orthogroups	no	Cm__CmMahoganyH2.05G045000	Cula__CULA03G46150	Lf__L1049_006399	Lc__Lchi07503	Pa__MA_356784g0010	Qs__XP_023898537.2	Vv__XP_002267500.1
OG0012671	one_per_species_in_Orthogroups	yes	Cm__CmMahoganyH2.05G055700	Cula__CULA09G38070	Lf__L1049_004129	Lc__Lchi08821	Pa__MA_201242g0020	Qs__XP_065624724.1	Vv__XP_010654675.1
OG0012673	one_per_species_in_Orthogroups	yes	Cm__CmMahoganyH2.05G059500	Cula__CULA11G17260	Lf__L1049_004621	Lc__Lchi33394	Pa__MA_10429958g0030	Qs__XP_023909408.2	Vv__XP_019077955.1
OG0012676	one_per_species_in_Orthogroups	yes	Cm__CmMahoganyH2.05G081300	Cula__CULA06G57820	Lf__L1049_010025	Lc__Lchi19344	Pa__MA_258650g0010	Qs__XP_023924077.1	Vv__XP_002270799.3
OG0012677	one_per_species_in_Orthogroups	no	Cm__CmMahoganyH2.05G082300	Cula__CULA04G03620	Lf__L1049_009942	Lc__Lchi17339	Pa__MA_230716g0010	Qs__XP_023879859.1	Vv__XP_010646777.1
OG0012678	one_per_species_in_Orthogroups	yes	Cm__CmMahoganyH2.05G083900	Cula__CULA01G52470	Lf__L1049_004581	Lc__Lchi03695	Pa__MA_13250g0010	Qs__XP_023873875.1	Vv__XP_002272047.2
OG0012679	one_per_species_in_Orthogroups	no	Cm__CmMahoganyH2.05G086000	Cula__CULA01G09250	Lf__L1049_010135	Lc__Lchi19316	Pa__MA_469702g0010	Qs__XP_023877234.1	Vv__XP_003635420.1
OG0012680	one_per_species_in_Orthogroups	yes	Cm__CmMahoganyH2.05G086900	Cula__CULA07G46320	Lf__L1049_010409	Lc__Lchi19309	Pa__MA_85544g0010	Qs__XP_023877477.1	Vv__XP_010655426.1
OG0012686	one_per_species_in_Orthogroups	no	Cm__CmMahoganyH2.05G123000	Cula__CULA07G33810	Lf__L1049_010397	Lc__Lchi06988	Pa__MA_332596g0010	Qs__XP_023916814.1	Vv__XP_002276135.1
OG0012687	one_per_species_in_Orthogroups	no	Cm__CmMahoganyH2.05G124200	Cula__CULA07G44780	Lf__L1049_009606	Lc__Lchi09117	Pa__MA_405561g0010	Qs__XP_023897955.2	Vv__XP_002276613.1
OG0012690	one_per_species_in_Orthogroups	yes	Cm__CmMahoganyH2.05G129300	Cula__CULA02G27180	Lf__L1049_009692	Lc__Lchi18890	Pa__MA_61548g0010	Qs__XP_023903381.1	Vv__XP_002267244.1
OG0012691	one_per_species_in_Orthogroups	no	Cm__CmMahoganyH2.05G132400	Cula__CULA10G26600	Lf__L1049_027694	Lc__Lchi27851	Pa__MA_10148529g0010	Qs__XP_023921134.2	Vv__XP_002267109.1
OG0012692	one_per_species_in_Orthogroups	no	Cm__CmMahoganyH2.05G133800	Cula__CULA03G76280	Lf__L1049_010211	Lc__Lchi30204	Pa__MA_16054g0010	Qs__XP_023920352.1	Vv__XP_002280687.1
OG0012693	one_per_species_in_Orthogroups	yes	Cm__CmMahoganyH2.05G135600	Cula__CULA10G08790	Lf__L1049_009963	Lc__Lchi11130	Pa__MA_768g0010	Qs__XP_065629589.1	Vv__XP_002281594.1
OG0012694	one_per_species_in_Orthogroups	yes	Cm__CmMahoganyH2.05G137500	Cula__CULA07G38290	Lf__L1049_010252	Lc__Lchi15447	Pa__MA_10435561g0010	Qs__XP_023919944.2	Vv__XP_002263658.2
OG0012698	one_per_species_in_Orthogroups	yes	Cm__CmMahoganyH2.05G146100	Cula__CULA05G04930	Lf__L1049_009774	Lc__Lchi27270	Pa__MA_82134g0010	Qs__XP_065630302.1	Vv__XP_010655787.1
OG0012700	one_per_species_in_Orthogroups	no	Cm__CmMahoganyH2.05G152300	Cula__CULA07G53400	Lf__L1049_009602	Lc__Lchi14602	Pa__MA_10433419g0010	Qs__XP_023927419.2	Vv__XP_002265269.2
OG0012704	one_per_species_in_Orthogroups	yes	Cm__CmMahoganyH2.05G180400	Cula__CULA05G37770	Lf__L1049_010196	Lc__Lchi21881	Pa__MA_126556g0010	Qs__XP_023904590.1	Vv__XP_002267126.1
OG0012705	one_per_species_in_Orthogroups	no	Cm__CmMahoganyH2.05G182000	Cula__CULA01G43790	Lf__L1049_001666	Lc__Lchi12921	Pa__MA_17639g0020	Qs__XP_023920166.2	Vv__XP_002268248.1
OG0012712	one_per_species_in_Orthogroups	yes	Cm__CmMahoganyH2.06G000300	Cula__CULA07G50440	Lf__L1049_000325	Lc__Lchi19052	Pa__MA_54782g0010	Qs__XP_023918192.1	Vv__XP_002267156.1
OG0012713	one_per_species_in_Orthogroups	yes	Cm__CmMahoganyH2.06G001700	Cula__CULA02G30470	Lf__L1049_000083	Lc__Lchi19038	Pa__MA_100910g0020	Qs__XP_023886295.1	Vv__XP_002264233.2
OG0012714	one_per_species_in_Orthogroups	yes	Cm__CmMahoganyH2.06G021200	Cula__CULA01G30090	Lf__L1049_000672	Lc__Lchi12399	Pa__MA_10432148g0010	Qs__XP_023873582.1	Vv__XP_002265045.1
OG0012716	one_per_species_in_Orthogroups	yes	Cm__CmMahoganyH2.06G025800	Cula__CULA02G42090	Lf__L1049_001424	Lc__Lchi07151	Pa__MA_43405g0010	Qs__XP_065619508.1	Vv__XP_002274964.1
OG0012720	one_per_species_in_Orthogroups	no	Cm__CmMahoganyH2.06G033500	Cula__CULA09G29970	Lf__L1049_000240	Lc__Lchi09247	Pa__MA_10435727g0010	Qs__XP_065632456.1	Vv__XP_003634715.1
OG0012721	one_per_species_in_Orthogroups	no	Cm__CmMahoganyH2.06G038500	Cula__CULA07G32810	Lf__L1049_001407	Lc__Lchi23015	Pa__MA_8687206g0010	Qs__XP_023889061.2	Vv__XP_002279971.1
OG0012722	one_per_species_in_Orthogroups	no	Cm__CmMahoganyH2.06G043100	Cula__CULA09G25110	Lf__L1049_001260	Lc__Lchi12963	Pa__MA_450177g0010	Qs__XP_065634066.1	Vv__XP_002281441.1
OG0012727	one_per_species_in_Orthogroups	yes	Cm__CmMahoganyH2.06G054000	Cula__CULA09G01410	Lf__L1049_000441	Lc__Lchi25777	Pa__MA_128155g0010	Qs__XP_023929272.2	Vv__XP_002281410.1
OG0012728	one_per_species_in_Orthogroups	no	Cm__CmMahoganyH2.06G056100	Cula__CULA04G31830	Lf__L1049_001388	Lc__Lchi17371	Pa__MA_74360g0010	Qs__XP_065628419.1	Vv__XP_002284509.1
OG0012729	one_per_species_in_Orthogroups	yes	Cm__CmMahoganyH2.06G057400	Cula__CULA02G66440	Lf__L1049_013724	Lc__Lchi05193	Pa__MA_287417g0010	Qs__XP_065636795.1	Vv__XP_002267174.1
OG0012730	one_per_species_in_Orthogroups	no	Cm__CmMahoganyH2.06G059700	Cula__CULA05G29050	Lf__L1049_001374	Lc__Lchi13422	Pa__MA_10432513g0010	Qs__XP_023919144.1	Vv__XP_002284643.3
OG0012731	one_per_species_in_Orthogroups	no	Cm__CmMahoganyH2.06G061800	Cula__CULA06G53670	Lf__L1049_000613	Lc__Lchi06209	Pa__MA_14692g0010	Qs__XP_065619636.1	Vv__XP_002270029.1
OG0012732	one_per_species_in_Orthogroups	yes	Cm__CmMahoganyH2.06G068100	Cula__CULA09G25040	Lf__L1049_000227	Lc__Lchi18021	Pa__MA_10277514g0010	Qs__XP_065625041.1	Vv__XP_002285056.1
OG0012733	one_per_species_in_Orthogroups	no	Cm__CmMahoganyH2.06G068500	Cula__CULASca60250.1	Lf__L1049_003387	Lc__Lchi18206	Pa__MA_127668g0010	Qs__XP_065618805.1	Vv__XP_002285093.1
OG0012737	one_per_species_in_Orthogroups	no	Cm__CmMahoganyH2.06G071400	Cula__CULA02G37390	Lf__L1049_000685	Lc__Lchi09893	Pa__MA_837813g0010	Qs__XP_023901576.1	Vv__XP_002282834.1
OG0012739	one_per_species_in_Orthogroups	yes	Cm__CmMahoganyH2.06G073500	Cula__CULA04G61370	Lf__L1049_001489	Lc__Lchi08494	Pa__MA_10436755g0010	Qs__XP_065633582.1	Vv__XP_002285254.1
OG0012740	one_per_species_in_Orthogroups	no	Cm__CmMahoganyH2.06G074000	Cula__CULA04G55090	Lf__L1049_000499	Lc__Lchi08491	Pa__MA_95828g0010	Qs__XP_023894269.2	Vv__XP_002282870.1
OG0012741	one_per_species_in_Orthogroups	no	Cm__CmMahoganyH2.06G077800	Cula__CULASca29090.1	Lf__L1049_000682	Lc__Lchi11638	Pa__MA_5849416g0010	Qs__XP_023889892.1	Vv__XP_002283120.2
OG0012742	one_per_species_in_Orthogroups	yes	Cm__CmMahoganyH2.06G083400	Cula__CULA01G82490	Lf__L1049_023742	Lc__Lchi07163	Pa__MA_5853g0010	Qs__XP_023916965.1	Vv__XP_002272703.1
OG0012744	one_per_species_in_Orthogroups	yes	Cm__CmMahoganyH2.06G085300	Cula__CULA02G46670	Lf__L1049_023972	Lc__Lchi07134	Pa__MA_92498g0010	Qs__XP_023887861.1	Vv__XP_010657194.1
OG0012746	one_per_species_in_Orthogroups	yes	Cm__CmMahoganyH2.06G090700	Cula__CULA05G20860	Lf__L1049_024202	Lc__Lchi01176	Pa__MA_10432417g0010	Qs__XP_023900132.1	Vv__XP_002271026.1
OG0012747	one_per_species_in_Orthogroups	yes	Cm__CmMahoganyH2.06G090900	Cula__CULA01G86900	Lf__L1049_024006	Lc__Lchi10850	Pa__MA_10435358g0010	Qs__XP_023900131.1	Vv__XP_002273465.1
OG0012748	one_per_species_in_Orthogroups	yes	Cm__CmMahoganyH2.06G091400	Cula__CULA05G02870	Lf__L1049_024943	Lc__Lchi29960	Pa__MA_13998g0010	Qs__XP_065629486.1	Vv__XP_002273297.1
OG0012750	one_per_species_in_Orthogroups	yes	Cm__CmMahoganyH2.06G098000	Cula__CULA01G04780	Lf__L1049_024834	Lc__Lchi12927	Pa__MA_45379g0010	Qs__XP_023916184.1	Vv__XP_002273999.2
OG0012752	one_per_species_in_Orthogroups	no	Cm__CmMahoganyH2.06G118200	Cula__CULA03G68990	Lf__L1049_025148	Lc__Lchi08512	Pa__MA_2692g0010	Qs__XP_023903549.2	Vv__XP_002277888.1
OG0012753	one_per_species_in_Orthogroups	yes	Cm__CmMahoganyH2.06G126900	Cula__CULA01G00370	Lf__L1049_012879	Lc__Lchi01697	Pa__MA_10433730g0010	Qs__XP_023883571.2	Vv__XP_002262834.2
OG0012754	one_per_species_in_Orthogroups	yes	Cm__CmMahoganyH2.06G127400	Cula__CULA05G36510	Lf__L1049_012223	Lc__Lchi07277	Pa__MA_6432367g0010	Qs__XP_065617524.1	Vv__XP_002266989.1
OG0012755	one_per_species_in_Orthogroups	no	Cm__CmMahoganyH2.06G127700	Cula__CULA05G36490	Lf__L1049_011318	Lc__Lchi07279	Pa__MA_80455g0010	Qs__XP_023893116.1	Vv__XP_002267177.1
OG0012756	one_per_species_in_Orthogroups	yes	Cm__CmMahoganyH2.06G128200	Cula__CULA02G33970	Lf__L1049_011915	Lc__Lchi07299	Pa__MA_206524g0010	Qs__XP_023893095.1	Vv__XP_002270952.1
OG0012757	one_per_species_in_Orthogroups	no	Cm__CmMahoganyH2.06G130400	Cula__CULA04G57430	Lf__L1049_011644	Lc__Lchi07717	Pa__MA_502949g0010	Qs__XP_023907747.1	Vv__XP_002280158.1
OG0012758	one_per_species_in_Orthogroups	no	Cm__CmMahoganyH2.06G131100	Cula__CULA01G55780	Lf__L1049_012316	Lc__Lchi07387	Pa__MA_55006g0010	Qs__XP_023907748.1	Vv__XP_002279538.1
OG0012762	one_per_species_in_Orthogroups	no	Cm__CmMahoganyH2.06G147500	Cula__CULA08G02850	Lf__L1049_011536	Lc__Lchi04324	Pa__MA_74653g0010	Qs__XP_023888243.2	Vv__XP_019080117.1
OG0012764	one_per_species_in_Orthogroups	no	Cm__CmMahoganyH2.06G160300	Cula__CULA07G02380	Lf__L1049_011384	Lc__Lchi22872	Pa__MA_949198g0010	Qs__XP_023904771.1	Vv__XP_002283725.1
OG0012766	one_per_species_in_Orthogroups	no	Cm__CmMahoganyH2.06G163300	Cula__CULA08G14910	Lf__L1049_010943	Lc__Lchi18957	Pa__MA_10432250g0010	Qs__XP_065628063.1	Vv__XP_002278627.2
OG0012767	one_per_species_in_Orthogroups	yes	Cm__CmMahoganyH2.06G164000	Cula__CULA08G23610	Lf__L1049_011162	Lc__Lchi24338	Pa__MA_20259g0010	Qs__XP_023884230.1	Vv__XP_002283841.1
OG0012768	one_per_species_in_Orthogroups	no	Cm__CmMahoganyH2.06G165100	Cula__CULA07G30900	Lf__L1049_011959	Lc__Lchi21737	Pa__MA_10434310g0010	Qs__XP_023884210.1	Vv__XP_002279262.1
OG0012769	one_per_species_in_Orthogroups	no	Cm__CmMahoganyH2.06G173200	Cula__CULA02G15830	Lf__L1049_011686	Lc__Lchi26213	Pa__MA_10427324g0010	Qs__XP_023904026.1	Vv__XP_002275667.3
OG0012770	one_per_species_in_Orthogroups	no	Cm__CmMahoganyH2.06G174500	Cula__CULA08G19740	Lf__L1049_012008	Lc__Lchi26222	Pa__MA_483364g0010	Qs__XP_023905758.1	Vv__XP_002281167.1
OG0012775	one_per_species_in_Orthogroups	no	Cm__CmMahoganyH2.06G187700	Cula__CULA07G27870	Lf__L1049_011723	Lc__Lchi17266	Pa__MA_205222g0010	Qs__XP_065635043.1	Vv__XP_002269222.1
OG0012778	one_per_species_in_Orthogroups	no	Cm__CmMahoganyH2.06G200700	Cula__CULA08G30350	Lf__L1049_018920	Lc__Lchi13081	Pa__MA_15119g0010	Qs__XP_023928498.1	Vv__XP_010661598.1
OG0012780	one_per_species_in_Orthogroups	no	Cm__CmMahoganyH2.06G204000	Cula__CULA10G18700	Lf__L1049_018298	Lc__Lchi11953	Pa__MA_139811g0010	Qs__XP_023913811.1	Vv__XP_002274443.1
OG0012784	one_per_species_in_Orthogroups	no	Cm__CmMahoganyH2.06G215800	Cula__CULA06G34580	Lf__L1049_025437	Lc__Lchi14217	Pa__MA_10431835g0010	Qs__XP_023926890.1	Vv__XP_002270273.1
OG0012786	one_per_species_in_Orthogroups	yes	Cm__CmMahoganyH2.06G224800	Cula__CULA10G42270	Lf__L1049_013578	Lc__Lchi05000	Pa__MA_10427059g0010	Qs__XP_023924101.1	Vv__XP_002265908.1
OG0012788	one_per_species_in_Orthogroups	no	Cm__CmMahoganyH2.06G229800	Cula__CULA07G52880	Lf__L1049_023707	Lc__Lchi09129	Pa__MA_163154g0020	Qs__XP_023924788.2	Vv__XP_002283386.1
OG0012789	one_per_species_in_Orthogroups	yes	Cm__CmMahoganyH2.06G235100	Cula__CULA09G25400	Lf__L1049_023643	Lc__Lchi18024	Pa__MA_10177821g0020	Qs__XP_023877681.1	Vv__XP_002279871.1
OG0012796	one_per_species_in_Orthogroups	no	Cm__CmMahoganyH2.07G016700	Cula__CULA05G07140	Lf__L1049_023147	Lc__Lchi02617	Pa__MA_10431584g0010	Qs__XP_065634045.1	Vv__XP_002277240.1
OG0012797	one_per_species_in_Orthogroups	no	Cm__CmMahoganyH2.07G018600	Cula__CULA11G35240	Lf__L1049_002513	Lc__Lchi14417	Pa__MA_138148g0010	Qs__XP_023882909.1	Vv__XP_002272414.3
OG0012800	one_per_species_in_Orthogroups	yes	Cm__CmMahoganyH2.07G025200	Cula__CULA05G25590	Lf__L1049_021730	Lc__Lchi11515	Pa__MA_20138g0010	Qs__XP_065620356.1	Vv__XP_010656063.1
OG0012806	one_per_species_in_Orthogroups	yes	Cm__CmMahoganyH2.07G048200	Cula__CULA08G32070	Lf__L1049_009638	Lc__Lchi24717	Pa__MA_10427831g0010	Qs__XP_023874359.2	Vv__XP_002276440.3
OG0012808	one_per_species_in_Orthogroups	no	Cm__CmMahoganyH2.07G054500	Cula__CULA01G03080	Lf__L1049_015658	Lc__Lchi02184	Pa__MA_25773g0010	Qs__XP_023929846.1	Vv__XP_002271347.1
OG0012810	one_per_species_in_Orthogroups	no	Cm__CmMahoganyH2.07G058000	Cula__CULA03G03280	Lf__L1049_003248	Lc__Lchi14033	Pa__MA_99688g0010	Qs__XP_023879943.1	Vv__XP_002266648.2
OG0012812	one_per_species_in_Orthogroups	yes	Cm__CmMahoganyH2.07G072900	Cula__CULA01G58920	Lf__L1049_015005	Lc__Lchi13021	Pa__MA_126568g0010	Qs__XP_023878034.2	Vv__XP_002268313.1
OG0012813	one_per_species_in_Orthogroups	yes	Cm__CmMahoganyH2.07G087000	Cula__CULA01G59530	Lf__L1049_014784	Lc__Lchi13892	Pa__MA_6168g0010	Qs__XP_023914898.1	Vv__XP_002267727.1
OG0012814	one_per_species_in_Orthogroups	yes	Cm__CmMahoganyH2.07G090000	Cula__CULA10G42730	Lf__L1049_014930	Lc__Lchi30889	Pa__MA_10435712g0010	Qs__XP_023905170.1	Vv__XP_002271696.1
OG0012816	one_per_species_in_Orthogroups	yes	Cm__CmMahoganyH2.07G093200	Cula__CULA02G24860	Lf__L1049_014592	Lc__Lchi15946	Pa__MA_8610718g0010	Qs__XP_023903330.2	Vv__XP_019074684.1
OG0012817	one_per_species_in_Orthogroups	no	Cm__CmMahoganyH2.07G108400	Cula__CULA11G00320	Lf__L1049_015218	Lc__Lchi08968	Pa__MA_26026g0010	Qs__XP_023904618.1	Vv__XP_002284886.1
OG0012818	one_per_species_in_Orthogroups	no	Cm__CmMahoganyH2.07G111200	Cula__CULA07G22760	Lf__L1049_014430	Lc__Lchi13981	Pa__MA_10735g0010	Qs__XP_065631373.1	Vv__XP_002284741.1
OG0012819	one_per_species_in_Orthogroups	yes	Cm__CmMahoganyH2.07G113900	Cula__CULA06G50480	Lf__L1049_014840	Lc__Lchi23627	Pa__MA_10432416g0010	Qs__XP_023928795.1	Vv__XP_002281086.1
OG0012822	one_per_species_in_Orthogroups	yes	Cm__CmMahoganyH2.07G122900	Cula__CULA06G02280	Lf__L1049_015276	Lc__Lchi24274	Pa__MA_30192g0010	Qs__XP_023912998.2	Vv__XP_019074377.1
OG0012824	one_per_species_in_Orthogroups	no	Cm__CmMahoganyH2.07G126700	Cula__CULA07G22880	Lf__L1049_014500	Lc__Lchi02747	Pa__MA_10434231g0010	Qs__XP_023915490.1	Vv__XP_002274534.1
OG0012825	one_per_species_in_Orthogroups	yes	Cm__CmMahoganyH2.07G130400	Cula__CULA04G39880	Lf__L1049_015695	Lc__Lchi29168	Pa__MA_9346021g0010	Qs__XP_023884370.1	Vv__XP_002268617.1
OG0012831	one_per_species_in_Orthogroups	no	Cm__CmMahoganyH2.07G155800	Cula__CULA07G14620	Lf__L1049_015238	Lc__Lchi23597	Pa__MA_845170g0010	Qs__XP_065618277.1	Vv__XP_002282206.1
OG0012833	one_per_species_in_Orthogroups	yes	Cm__CmMahoganyH2.07G164900	Cula__CULA08G46420	Lf__L1049_014823	Lc__Lchi11284	Pa__MA_10427407g0010	Qs__XP_023921676.1	Vv__XP_002283038.1
OG0012834	one_per_species_in_Orthogroups	yes	Cm__CmMahoganyH2.07G168200	Cula__CULA06G52010	Lf__L1049_015135	Lc__Lchi17958	Pa__MA_10436596g0010	Qs__XP_023890797.2	Vv__NP_001267910.1
OG0012836	one_per_species_in_Orthogroups	no	Cm__CmMahoganyH2.08G005900	Cula__CULA01G82780	Lf__L1049_019327	Lc__Lchi30801	Pa__MA_3403026g0010	Qs__XP_023900711.1	Vv__XP_002278780.1
OG0012838	one_per_species_in_Orthogroups	no	Cm__CmMahoganyH2.08G010700	Cula__CULA07G49240	Lf__L1049_005860	Lc__Lchi08777	Pa__MA_104746g0010	Qs__XP_023872256.1	Vv__XP_002281668.1
OG0012840	one_per_species_in_Orthogroups	no	Cm__CmMahoganyH2.08G014400	Cula__CULA07G30090	Lf__L1049_005926	Lc__Lchi15692	Pa__MA_648g0010	Qs__XP_023921940.1	Vv__XP_002279311.2
OG0012844	one_per_species_in_Orthogroups	yes	Cm__CmMahoganyH2.08G033400	Cula__CULA10G21910	Lf__L1049_013210	Lc__Lchi28612	Pa__MA_10426806g0010	Qs__XP_023876236.2	Vv__XP_002284705.2
OG0012846	one_per_species_in_Orthogroups	no	Cm__CmMahoganyH2.08G037000	Cula__CULA01G46920	Lf__L1049_013953	Lc__Lchi23410	Pa__MA_10031662g0010	Qs__XP_065629460.1	Vv__XP_010651069.1
OG0012851	one_per_species_in_Orthogroups	yes	Cm__CmMahoganyH2.08G051800	Cula__CULA08G13780	Lf__L1049_013418	Lc__Lchi12843	Pa__MA_806g0020	Qs__XP_023924705.2	Vv__XP_019076105.1
OG0012854	one_per_species_in_Orthogroups	no	Cm__CmMahoganyH2.08G070100	Cula__CULA11G09140	Lf__L1049_013228	Lc__Lchi07395	Pa__MA_110556g0010	Qs__XP_023912615.1	Vv__XP_002268576.1
OG0012856	one_per_species_in_Orthogroups	no	Cm__CmMahoganyH2.08G077200	Cula__CULA09G11220	Lf__L1049_014081	Lc__Lchi19390	Pa__MA_25177g0010	Qs__XP_023921505.1	Vv__XP_010651140.1
OG0012857	one_per_species_in_Orthogroups	yes	Cm__CmMahoganyH2.08G080100	Cula__CULA04G38350	Lf__L1049_013421	Lc__Lchi30881	Pa__MA_10432986g0010	Qs__XP_023923868.1	Vv__XP_002285095.1
OG0012858	one_per_species_in_Orthogroups	no	Cm__CmMahoganyH2.08G080800	Cula__CULA10G05910	Lf__L1049_013980	Lc__Lchi05370	Pa__MA_88006g0010	Qs__XP_065616736.1	Vv__XP_002285130.1
OG0012859	one_per_species_in_Orthogroups	yes	Cm__CmMahoganyH2.08G081200	Cula__CULA10G02600	Lf__L1049_013556	Lc__Lchi08142	Pa__MA_876698g0010	Qs__XP_023926867.1	Vv__XP_002285144.1
OG0012860	one_per_species_in_Orthogroups	yes	Cm__CmMahoganyH2.08G081900	Cula__CULA07G21530	Lf__L1049_013883	Lc__Lchi19008	Pa__MA_87729g0010	Qs__XP_065616334.1	Vv__XP_002285170.1
OG0012864	one_per_species_in_Orthogroups	no	Cm__CmMahoganyH2.08G102300	Cula__CULA11G32650	Lf__L1049_019164	Lc__Lchi20371	Pa__MA_99242g0010	Qs__XP_023928221.1	Vv__XP_002280404.1
OG0012865	one_per_species_in_Orthogroups	no	Cm__CmMahoganyH2.08G103300	Cula__CULA03G30920	Lf__L1049_018472	Lc__Lchi08084	Pa__MA_8503g0010	Qs__XP_023928213.1	Vv__XP_010651534.1
OG0012866	one_per_species_in_Orthogroups	yes	Cm__CmMahoganyH2.08G105000	Cula__CULA05G28270	Lf__L1049_013782	Lc__Lchi13087	Pa__MA_10435902g0010	Qs__XP_023886403.2	Vv__XP_002265210.1
OG0012867	one_per_species_in_Orthogroups	yes	Cm__CmMahoganyH2.08G111200	Cula__CULA07G03210	Lf__L1049_013501	Lc__Lchi15477	Pa__MA_8767694g0010	Qs__XP_023875978.1	Vv__XP_002274311.1
OG0012868	one_per_species_in_Orthogroups	yes	Cm__CmMahoganyH2.08G111600	Cula__CULA07G04890	Lf__L1049_012994	Lc__Lchi20532	Pa__MA_10436339g0010	Qs__XP_023875997.2	Vv__XP_002274210.1
OG0012871	one_per_species_in_Orthogroups	yes	Cm__CmMahoganyH2.08G115100	Cula__CULA10G27820	Lf__L1049_013214	Lc__Lchi21837	Pa__MA_100758g0010	Qs__XP_023908363.1	Vv__XP_002270388.1
OG0012872	one_per_species_in_Orthogroups	no	Cm__CmMahoganyH2.08G116200	Cula__CULA05G54720	Lf__L1049_013390	Lc__Lchi31435	Pa__MA_10427295g0010	Qs__XP_023890907.1	Vv__XP_002270926.1
OG0012873	one_per_species_in_Orthogroups	yes	Cm__CmMahoganyH2.08G118900	Cula__CULA05G32470	Lf__L1049_013368	Lc__Lchi17428	Pa__MA_88369g0010	Qs__XP_065634458.1	Vv__XP_002269920.2
OG0012875	one_per_species_in_Orthogroups	yes	Cm__CmMahoganyH2.08G131700	Cula__CULA01G40970	Lf__L1049_019172	Lc__Lchi31267	Pa__MA_59883g0010	Qs__XP_023927302.1	Vv__XP_002285744.1
OG0012876	one_per_species_in_Orthogroups	yes	Cm__CmMahoganyH2.08G137600	Cula__CULA06G29820	Lf__L1049_019219	Lc__Lchi06245	Pa__MA_10428618g0010	Qs__XP_023903428.1	Vv__XP_002285621.1
OG0012877	one_per_species_in_Orthogroups	yes	Cm__CmMahoganyH2.08G138200	Cula__CULA03G74980	Lf__L1049_018675	Lc__Lchi19167	Pa__MA_10427857g0010	Qs__XP_023903448.2	Vv__XP_019076177.1
OG0012880	one_per_species_in_Orthogroups	yes	Cm__CmMahoganyH2.08G143700	Cula__CULA10G17910	Lf__L1049_018051	Lc__Lchi05721	Pa__MA_404300g0010	Qs__XP_023874873.1	Vv__XP_010651351.1
OG0012883	one_per_species_in_Orthogroups	yes	Cm__CmMahoganyH2.08G157400	Cula__CULA10G20370	Lf__L1049_018822	Lc__Lchi22408	Pa__MA_10430192g0020	Qs__XP_023922355.1	Vv__XP_002285411.1
OG0012887	one_per_species_in_Orthogroups	yes	Cm__CmMahoganyH2.08G175500	Cula__CULA08G48200	Lf__L1049_006873	Lc__Lchi16332	Pa__MA_10432507g0010	Qs__XP_065631703.1	Vv__XP_002284469.1
OG0012888	one_per_species_in_Orthogroups	yes	Cm__CmMahoganyH2.08G180400	Cula__CULA01G59690	Lf__L1049_021982	Lc__Lchi01549	Pa__MA_8968397g0010	Qs__XP_023929556.1	Vv__XP_002269816.1
OG0012889	one_per_species_in_Orthogroups	yes	Cm__CmMahoganyH2.08G181200	Cula__CULA01G14380	Lf__L1049_022691	Lc__Lchi01558	Pa__MA_925722g0010	Qs__XP_023894083.1	Vv__XP_002271306.1
OG0012893	one_per_species_in_Orthogroups	no	Cm__CmMahoganyH2.09G025200	Cula__CULA09G25620	Lf__L1049_007527	Lc__Lchi08184	Pa__MA_320479g0010	Qs__XP_023924938.1	Vv__XP_002281642.1
OG0012894	one_per_species_in_Orthogroups	yes	Cm__CmMahoganyH2.09G027200	Cula__CULA07G02580	Lf__L1049_009122	Lc__Lchi14460	Pa__MA_10434537g0010	Qs__XP_023900810.1	Vv__XP_002281908.2
OG0012898	one_per_species_in_Orthogroups	yes	Cm__CmMahoganyH2.09G032800	Cula__CULA07G25290	Lf__L1049_009285	Lc__Lchi20421	Pa__MA_196874g0010	Qs__XP_023925819.1	Vv__XP_002269130.1
OG0012900	one_per_species_in_Orthogroups	no	Cm__CmMahoganyH2.09G041600	Cula__CULA07G07410	Lf__L1049_008941	Lc__Lchi10420	Pa__MA_6787038g0010	Qs__XP_023879546.1	Vv__XP_002264435.1
OG0012903	one_per_species_in_Orthogroups	no	Cm__CmMahoganyH2.09G045500	Cula__CULA09G14990	Lf__L1049_008571	Lc__Lchi29930	Pa__MA_10431194g0010	Qs__XP_023894767.1	Vv__XP_002283448.1
OG0012906	one_per_species_in_Orthogroups	no	Cm__CmMahoganyH2.09G055700	Cula__CULA09G16640	Lf__L1049_008256	Lc__Lchi22467	Pa__MA_10043134g0010	Qs__XP_065636082.1	Vv__XP_002282010.2
OG0012907	one_per_species_in_Orthogroups	no	Cm__CmMahoganyH2.09G061100	Cula__CULA05G33570	Lf__L1049_014106	Lc__Lchi16829	Pa__MA_8350g0010	Qs__XP_023886518.2	Vv__XP_002266103.2
OG0012909	one_per_species_in_Orthogroups	yes	Cm__CmMahoganyH2.09G064000	Cula__CULA03G73720	Lf__L1049_008093	Lc__Lchi19174	Pa__MA_95771g0010	Qs__XP_023919928.2	Vv__XP_002274655.1
OG0012910	one_per_species_in_Orthogroups	no	Cm__CmMahoganyH2.09G067100	Cula__CULA08G00160	Lf__L1049_009025	Lc__Lchi15884	Pa__MA_10431240g0010	Qs__XP_023906766.1	Vv__XP_002277594.1
OG0012911	one_per_species_in_Orthogroups	yes	Cm__CmMahoganyH2.09G067200	Cula__CULA08G23910	Lf__L1049_008122	Lc__Lchi15883	Pa__MA_34573g0010	Qs__XP_023906791.1	Vv__XP_002277660.1
OG0012912	one_per_species_in_Orthogroups	no	Cm__CmMahoganyH2.09G073200	Cula__CULA01G16170	Lf__L1049_007632	Lc__Lchi10633	Pa__MA_69689g0010	Qs__XP_065619278.1	Vv__XP_010654154.1
OG0012913	one_per_species_in_Orthogroups	no	Cm__CmMahoganyH2.09G076000	Cula__CULA04G62780	Lf__L1049_008537	Lc__Lchi29903	Pa__MA_10426376g0010	Qs__XP_023893464.1	Vv__XP_002263823.1
OG0012915	one_per_species_in_Orthogroups	no	Cm__CmMahoganyH2.09G079500	Cula__CULA06G13720	Lf__L1049_007786	Lc__Lchi28174	Pa__MA_194736g0010	Qs__XP_023919929.1	Vv__XP_002271217.1
OG0012917	one_per_species_in_Orthogroups	yes	Cm__CmMahoganyH2.09G090200	Cula__CULA03G01070	Lf__L1049_009035	Lc__Lchi07783	Pa__MA_61260g0010	Qs__XP_023923306.2	Vv__XP_002268056.2
OG0012921	one_per_species_in_Orthogroups	yes	Cm__CmMahoganyH2.09G106400	Cula__CULA09G19160	Lf__L1049_009406	Lc__Lchi18297	Pa__MA_10436153g0010	Qs__XP_023900682.2	Vv__XP_002264531.1
OG0012923	one_per_species_in_Orthogroups	no	Cm__CmMahoganyH2.09G120000	Cula__CULA02G10300	Lf__L1049_007450	Lc__Lchi06226	Pa__MA_29076g0010	Qs__XP_023919052.1	Vv__XP_002275225.2
OG0012924	one_per_species_in_Orthogroups	no	Cm__CmMahoganyH2.09G121100	Cula__CULA06G32870	Lf__L1049_007748	Lc__Lchi06840	Pa__MA_87543g0010	Qs__XP_023907336.1	Vv__XP_002282707.1
OG0012928	one_per_species_in_Orthogroups	no	Cm__CmMahoganyH2.09G127200	Cula__CULA03G71320	Lf__L1049_009231	Lc__Lchi20228	Pa__MA_867493g0010	Qs__XP_065633161.1	Vv__XP_003632714.1
OG0012929	one_per_species_in_Orthogroups	yes	Cm__CmMahoganyH2.09G128300	Cula__CULA06G56120	Lf__L1049_008330	Lc__Lchi12029	Pa__MA_10187020g0010	Qs__XP_023889257.1	Vv__XP_002276836.3
OG0012930	one_per_species_in_Orthogroups	no	Cm__CmMahoganyH2.09G128600	Cula__CULA06G50790	Lf__L1049_008617	Lc__Lchi00646	Pa__MA_10006126g0010	Qs__XP_065637856.1	Vv__XP_002276799.1
OG0012931	one_per_species_in_Orthogroups	yes	Cm__CmMahoganyH2.09G132500	Cula__CULA05G10880	Lf__L1049_008103	Lc__Lchi19924	Pa__MA_13984g0020	Qs__XP_065636441.1	Vv__XP_002269768.2
OG0012933	one_per_species_in_Orthogroups	no	Cm__CmMahoganyH2.09G145200	Cula__CULA01G76320	Lf__L1049_009466	Lc__Lchi23896	Pa__MA_478623g0010	Qs__XP_023892425.1	Vv__XP_019076972.1
OG0012935	one_per_species_in_Orthogroups	yes	Cm__CmMahoganyH2.09G150200	Cula__CULA08G36010	Lf__L1049_007661	Lc__Lchi26515	Pa__MA_10434442g0010	Qs__XP_023914943.2	Vv__XP_010653973.1
OG0012936	one_per_species_in_Orthogroups	yes	Cm__CmMahoganyH2.09G152900	Cula__CULA03G20110	Lf__L1049_008199	Lc__Lchi30543	Pa__MA_962052g0010	Qs__XP_065621550.1	Vv__XP_002273524.1
OG0012938	one_per_species_in_Orthogroups	yes	Cm__CmMahoganyH2.09G158900	Cula__CULA07G55680	Lf__L1049_013716	Lc__Lchi05209	Pa__MA_10427387g0010	Qs__XP_065639069.1	Vv__XP_010661810.1
OG0012939	one_per_species_in_Orthogroups	yes	Cm__CmMahoganyH2.09G173500	Cula__CULA03G28160	Lf__L1049_007680	Lc__Lchi32968	Pa__MA_108278g0010	Qs__XP_023922908.1	Vv__NP_001268078.1
OG0012940	one_per_species_in_Orthogroups	yes	Cm__CmMahoganyH2.09G174400	Cula__CULA06G31560	Lf__L1049_008813	Lc__Lchi12073	Pa__MA_141733g0010	Qs__XP_023916320.1	Vv__XP_002283838.1
OG0012941	one_per_species_in_Orthogroups	no	Cm__CmMahoganyH2.10G001000	Cula__CULA11G29690	Lf__L1049_023095	Lc__Lchi08352	Pa__MA_7867764g0010	Qs__XP_023905318.1	Vv__XP_002274688.1
OG0012943	one_per_species_in_Orthogroups	yes	Cm__CmMahoganyH2.10G002200	Cula__CULA08G48390	Lf__L1049_022743	Lc__Lchi08363	Pa__MA_25488g0010	Qs__XP_065634628.1	Vv__XP_019080543.1
OG0012947	one_per_species_in_Orthogroups	no	Cm__CmMahoganyH2.10G019700	Cula__CULA09G37330	Lf__L1049_006619	Lc__Lchi14673	Pa__MA_58673g0010	Qs__XP_023880985.1	Vv__XP_019075040.1
OG0012948	one_per_species_in_Orthogroups	yes	Cm__CmMahoganyH2.10G020100	Cula__CULA11G23440	Lf__L1049_022505	Lc__Lchi01223	Pa__MA_10433169g0010	Qs__XP_023923538.1	Vv__XP_010663311.1
OG0012952	one_per_species_in_Orthogroups	yes	Cm__CmMahoganyH2.10G026000	Cula__CULA06G44860	Lf__L1049_027149	Lc__Lchi05942	Pa__MA_79205g0010	Qs__XP_023893482.1	Vv__XP_002280752.1
OG0012957	one_per_species_in_Orthogroups	yes	Cm__CmMahoganyH2.10G031500	Cula__CULA04G44520	Lf__L1049_027169	Lc__Lchi19226	Pa__MA_21657g0010	Qs__XP_065619195.1	Vv__XP_002279644.2
OG0012958	one_per_species_in_Orthogroups	no	Cm__CmMahoganyH2.10G032000	Cula__CULA11G27780	Lf__L1049_027207	Lc__Lchi19229	Pa__MA_118288g0010	Qs__XP_023912170.1	Vv__XP_002282850.1
OG0012959	one_per_species_in_Orthogroups	yes	Cm__CmMahoganyH2.10G035900	Cula__CULA03G76580	Lf__L1049_022670	Lc__Lchi19268	Pa__MA_14497g0010	Qs__XP_023873255.1	Vv__NP_001268081.1
OG0012961	one_per_species_in_Orthogroups	no	Cm__CmMahoganyH2.10G037200	Cula__CULA11G30890	Lf__L1049_014025	Lc__Lchi04205	Pa__MA_89401g0010	Qs__XP_065630805.1	Vv__XP_002282298.1
OG0012963	one_per_species_in_Orthogroups	no	Cm__CmMahoganyH2.10G038100	Cula__CULA09G42630	Lf__L1049_023163	Lc__Lchi01399	Pa__MA_944918g0010	Qs__XP_023924856.1	Vv__XP_002273584.1
OG0012964	one_per_species_in_Orthogroups	no	Cm__CmMahoganyH2.10G042500	Cula__CULA07G34560	Lf__L1049_022414	Lc__Lchi06051	Pa__MA_30073g0010	Qs__XP_023916462.2	Vv__XP_003635126.1
OG0012965	one_per_species_in_Orthogroups	yes	Cm__CmMahoganyH2.10G043800	Cula__CULA07G02670	Lf__L1049_022753	Lc__Lchi01475	Pa__MA_10268104g0010	Qs__XP_065631884.1	Vv__XP_002269360.1
OG0012966	one_per_species_in_Orthogroups	no	Cm__CmMahoganyH2.10G044200	Cula__CULA11G19770	Lf__L1049_022188	Lc__Lchi01478	Pa__MA_10433567g0010	Qs__XP_065636215.1	Vv__XP_002270066.1
OG0012967	one_per_species_in_Orthogroups	no	Cm__CmMahoganyH2.10G044400	Cula__CULA10G35870	Lf__L1049_022499	Lc__Lchi01481	Pa__MA_450713g0010	Qs__XP_065631124.1	Vv__XP_002266460.2
OG0012970	one_per_species_in_Orthogroups	no	Cm__CmMahoganyH2.10G049300	Cula__CULA01G78410	Lf__L1049_006916	Lc__Lchi23486	Pa__MA_10431292g0020	Qs__XP_023873662.1	Vv__XP_003635686.2
OG0012971	one_per_species_in_Orthogroups	no	Cm__CmMahoganyH2.10G050900	Cula__CULA08G45380	Lf__L1049_012433	Lc__Lchi17555	Pa__MA_10430778g0010	Qs__XP_065637853.1	Vv__XP_002267811.1
OG0012973	one_per_species_in_Orthogroups	no	Cm__CmMahoganyH2.10G053100	Cula__CULA06G28670	Lf__L1049_006475	Lc__Lchi04863	Pa__MA_1048g0020	Qs__XP_023927241.1	Vv__XP_002266380.1
OG0012975	one_per_species_in_Orthogroups	no	Cm__CmMahoganyH2.10G058800	Cula__CULA09G39470	Lf__L1049_005750	Lc__Lchi04936	Pa__MA_10430078g0010	Qs__XP_065625321.1	Vv__XP_002282656.1
OG0012977	one_per_species_in_Orthogroups	yes	Cm__CmMahoganyH2.10G066500	Cula__CULA07G35160	Lf__L1049_003830	Lc__Lchi00136	Pa__MA_10434422g0010	Qs__XP_023927308.1	Vv__XP_002278510.1
OG0012980	one_per_species_in_Orthogroups	no	Cm__CmMahoganyH2.10G075300	Cula__CULA08G19160	Lf__L1049_004051	Lc__Lchi12039	Pa__MA_256353g0010	Qs__XP_023902204.1	Vv__XP_002272980.1
OG0012981	one_per_species_in_Orthogroups	yes	Cm__CmMahoganyH2.10G075500	Cula__CULA06G38420	Lf__L1049_004251	Lc__Lchi12045	Pa__MA_99741g0010	Qs__XP_065621105.1	Vv__XP_010651968.1
OG0012982	one_per_species_in_Orthogroups	yes	Cm__CmMahoganyH2.10G075700	Cula__CULA06G32750	Lf__L1049_005059	Lc__Lchi00625	Pa__MA_3551g0010	Qs__XP_023888556.1	Vv__XP_002278246.1
OG0012983	one_per_species_in_Orthogroups	no	Cm__CmMahoganyH2.10G077200	Cula__CULA10G19000	Lf__L1049_004159	Lc__Lchi19755	Pa__MA_307070g0010	Qs__XP_023872838.1	Vv__XP_002275066.1
OG0012986	one_per_species_in_Orthogroups	yes	Cm__CmMahoganyH2.10G078100	Cula__CULA11G25710	Lf__L1049_005451	Lc__Lchi17302	Pa__MA_135045g0010	Qs__XP_023872850.1	Vv__XP_002272463.2
OG0012988	one_per_species_in_Orthogroups	yes	Cm__CmMahoganyH2.10G085700	Cula__CULA05G31490	Lf__L1049_004374	Lc__Lchi14526	Pa__MA_10429234g0010	Qs__XP_023903405.1	Vv__XP_002270390.1
OG0012992	one_per_species_in_Orthogroups	yes	Cm__CmMahoganyH2.10G098200	Cula__CULA01G13130	Lf__L1049_018389	Lc__Lchi17477	Pa__MA_1985g0010	Qs__XP_065622894.1	Vv__XP_002284484.1
OG0012993	one_per_species_in_Orthogroups	yes	Cm__CmMahoganyH2.10G100700	Cula__CULA09G45370	Lf__L1049_019185	Lc__Lchi00991	Pa__MA_10318227g0010	Qs__XP_023903479.1	Vv__XP_019074718.1
OG0012994	one_per_species_in_Orthogroups	no	Cm__CmMahoganyH2.10G101100	Cula__CULA09G45020	Lf__L1049_018805	Lc__Lchi00984	Pa__MA_7575400g0010	Qs__XP_023903487.1	Vv__XP_002284059.1
OG0012995	one_per_species_in_Orthogroups	yes	Cm__CmMahoganyH2.10G101700	Cula__CULA09G35690	Lf__L1049_018479	Lc__Lchi08873	Pa__MA_10433607g0010	Qs__XP_023914117.2	Vv__XP_002284012.1
OG0012998	one_per_species_in_Orthogroups	yes	Cm__CmMahoganyH2.10G106800	Cula__CULA03G75380	Lf__L1049_003818	Lc__Lchi04565	Pa__MA_10427501g0010	Qs__XP_023894615.2	Vv__XP_010649587.1
OG0012999	one_per_species_in_Orthogroups	no	Cm__CmMahoganyH2.10G108200	Cula__CULA05G19170	Lf__L1049_005342	Lc__Lchi00315	Pa__MA_107548g0010	Qs__XP_023921445.1	Vv__XP_010652194.1
OG0013000	one_per_species_in_Orthogroups	no	Cm__CmMahoganyH2.10G108700	Cula__CULA10G05710	Lf__L1049_019108	Lc__Lchi04590	Pa__MA_10435990g0010	Qs__XP_065636194.1	Vv__XP_002268380.1
OG0013002	one_per_species_in_Orthogroups	no	Cm__CmMahoganyH2.10G113300	Cula__CULA01G72980	Lf__L1049_004778	Lc__Lchi00345	Pa__MA_10429244g0010	Qs__XP_023884123.1	Vv__XP_002264804.1
OG0013004	one_per_species_in_Orthogroups	yes	Cm__CmMahoganyH2.10G118500	Cula__CULA10G24100	Lf__L1049_013035	Lc__Lchi08683	Pa__MA_10429393g0010	Qs__XP_023886324.2	Vv__XP_010648467.1
OG0013006	one_per_species_in_Orthogroups	no	Cm__CmMahoganyH2.10G125900	Cula__CULA09G35750	Lf__L1049_001397	Lc__Lchi10759	Pa__MA_24099g0010	Qs__XP_065623482.1	Vv__XP_010656785.1
OG0013007	one_per_species_in_Orthogroups	yes	Cm__CmMahoganyH2.10G126100	Cula__CULA07G27440	Lf__L1049_005967	Lc__Lchi24158	Pa__MA_10434151g0010	Qs__XP_065623478.1	Vv__XP_002279641.1
OG0013009	one_per_species_in_Orthogroups	yes	Cm__CmMahoganyH2.10G140600	Cula__CULA08G42790	Lf__L1049_025562	Lc__Lchi03011	Pa__MA_10434812g0010	Qs__XP_023912102.1	Vv__XP_010664280.1
OG0013010	one_per_species_in_Orthogroups	no	Cm__CmMahoganyH2.10G141600	Cula__CULA03G26840	Lf__L1049_026225	Lc__Lchi03030	Pa__MA_10434506g0010	Qs__XP_023904545.1	Vv__XP_010664299.1
OG0013013	one_per_species_in_Orthogroups	yes	Cm__CmMahoganyH2.10G167600	Cula__CULA06G49950	Lf__L1049_026915	Lc__Lchi20006	Pa__MA_232471g0010	Qs__XP_023892367.1	Vv__XP_010652377.1
OG0013016	one_per_species_in_Orthogroups	yes	Cm__CmMahoganyH2.10G180700	Cula__CULA03G36490	Lf__L1049_004021	Lc__Lchi13354	Pa__MA_7932540g0010	Qs__XP_065621549.1	Vv__XP_002281875.1
OG0013017	one_per_species_in_Orthogroups	no	Cm__CmMahoganyH2.10G181700	Cula__CULA07G09610	Lf__L1049_003673	Lc__Lchi13365	Pa__MA_179388g0010	Qs__XP_023924175.2	Vv__XP_002275636.1
OG0013020	one_per_species_in_Orthogroups	no	Cm__CmMahoganyH2.11G008200	Cula__CULA06G45430	Lf__L1049_005511	Lc__Lchi21265	Pa__MA_10437275g0010	Qs__XP_065622946.1	Vv__XP_010645098.1
OG0013022	one_per_species_in_Orthogroups	no	Cm__CmMahoganyH2.11G031900	Cula__CULA10G09030	Lf__L1049_022875	Lc__Lchi21053	Pa__MA_74177g0010	Qs__XP_065632944.1	Vv__XP_002266045.2
OG0013023	one_per_species_in_Orthogroups	no	Cm__CmMahoganyH2.11G034600	Cula__CULA10G01750	Lf__L1049_022809	Lc__Lchi11176	Pa__MA_519118g0010	Qs__XP_023915893.1	Vv__XP_002271727.1
OG0013026	one_per_species_in_Orthogroups	yes	Cm__CmMahoganyH2.11G053200	Cula__CULA07G51930	Lf__L1049_027393	Lc__Lchi32173	Pa__MA_815900g0010	Qs__XP_023924768.1	Vv__XP_002273201.1
OG0013029	one_per_species_in_Orthogroups	yes	Cm__CmMahoganyH2.11G061000	Cula__CULA01G36500	Lf__L1049_014091	Lc__Lchi08611	Pa__MA_10431963g0010	Qs__XP_023876942.1	Vv__XP_002263519.1
OG0013030	one_per_species_in_Orthogroups	no	Cm__CmMahoganyH2.11G061600	Cula__CULA02G37730	Lf__L1049_014335	Lc__Lchi08603	Pa__MA_10008335g0010	Qs__XP_023876952.1	Vv__XP_019081108.1
OG0013032	one_per_species_in_Orthogroups	yes	Cm__CmMahoganyH2.11G069200	Cula__CULA04G42650	Lf__L1049_013089	Lc__Lchi27071	Pa__MA_10437069g0010	Qs__XP_023871129.1	Vv__XP_002275513.1
OG0013033	one_per_species_in_Orthogroups	yes	Cm__CmMahoganyH2.11G069700	Cula__CULA08G31380	Lf__L1049_013611	Lc__Lchi13165	Pa__MA_10431245g0010	Qs__XP_023874212.1	Vv__XP_002275425.2
OG0013036	one_per_species_in_Orthogroups	no	Cm__CmMahoganyH2.11G081800	Cula__CULA03G26760	Lf__L1049_025248	Lc__Lchi27653	Pa__MA_98882g0010	Qs__XP_023889054.1	Vv__XP_002274914.1
OG0013037	one_per_species_in_Orthogroups	no	Cm__CmMahoganyH2.11G085600	Cula__CULA09G27750	Lf__L1049_011196	Lc__Lchi28140	Pa__MA_117350g0010	Qs__XP_023920165.1	Vv__XP_002264200.1
OG0013047	one_per_species_in_Orthogroups	no	Cm__CmMahoganyH2.11G134300	Cula__CULA01G30890	Lf__L1049_017894	Lc__Lchi05935	Pa__MA_128287g0010	Qs__XP_065625247.1	Vv__XP_002265039.1
OG0013049	one_per_species_in_Orthogroups	yes	Cm__CmMahoganyH2.11G140500	Cula__CULA01G33850	Lf__L1049_011469	Lc__Lchi01721	Pa__MA_10435992g0010	Qs__XP_023905435.1	Vv__XP_002266585.2
OG0013051	one_per_species_in_Orthogroups	yes	Cm__CmMahoganyH2.11G142900	Cula__CULA08G40360	Lf__L1049_011351	Lc__Lchi26065	Pa__MA_73032g0010	Qs__XP_023892642.1	Vv__XP_002262773.1
OG0013052	one_per_species_in_Orthogroups	yes	Cm__CmMahoganyH2.11G145100	Cula__CULA02G70540	Lf__L1049_011736	Lc__Lchi09415	Pa__MA_558352g0010	Qs__XP_023899062.1	Vv__XP_002264063.1
OG0013059	one_per_species_in_Orthogroups	yes	Cm__CmMahoganyH2.12G000200	Cula__CULA03G34300	Lf__L1049_026500	Lc__Lchi01982	Pa__MA_176279g0010	Qs__XP_023897912.2	Vv__XP_002264295.1
OG0013061	one_per_species_in_Orthogroups	yes	Cm__CmMahoganyH2.12G006400	Cula__CULA09G26640	Lf__L1049_025814	Lc__Lchi01627	Pa__MA_8806671g0010	Qs__XP_023880020.1	Vv__XP_010645864.1
OG0013062	one_per_species_in_Orthogroups	yes	Cm__CmMahoganyH2.12G011200	Cula__CULA09G25140	Lf__L1049_026693	Lc__Lchi16169	Pa__MA_9287008g0010	Qs__XP_023894610.1	Vv__XP_003634942.1
OG0013063	one_per_species_in_Orthogroups	yes	Cm__CmMahoganyH2.12G012200	Cula__CULA01G28000	Lf__L1049_026007	Lc__Lchi01606	Pa__MA_8887549g0010	Qs__XP_023894628.1	Vv__XP_002277122.2
OG0013066	one_per_species_in_Orthogroups	no	Cm__CmMahoganyH2.12G033200	Cula__CULA10G44010	Lf__L1049_019982	Lc__Lchi05007	Pa__MA_350285g0010	Qs__XP_023912116.1	Vv__XP_002275469.2
OG0013072	one_per_species_in_Orthogroups	no	Cm__CmMahoganyH2.12G052100	Cula__CULA02G01520	Lf__L1049_020395	Lc__Lchi14834	Pa__MA_259249g0010	Qs__XP_065616103.1	Vv__XP_010662680.1
OG0013073	one_per_species_in_Orthogroups	no	Cm__CmMahoganyH2.12G054100	Cula__CULA07G02000	Lf__L1049_020261	Lc__Lchi17923	Pa__MA_69951g0010	Qs__XP_023899995.1	Vv__XP_002273527.1
OG0013074	one_per_species_in_Orthogroups	yes	Cm__CmMahoganyH2.12G054800	Cula__CULA01G45780	Lf__L1049_021159	Lc__Lchi01157	Pa__MA_10436163g0010	Qs__XP_065628772.1	Vv__XP_002272741.1
OG0013076	one_per_species_in_Orthogroups	no	Cm__CmMahoganyH2.12G057600	Cula__CULA08G23640	Lf__L1049_020766	Lc__Lchi27465	Pa__MA_9195161g0010	Qs__XP_023886849.2	Vv__XP_002272050.1
OG0013081	one_per_species_in_Orthogroups	no	Cm__CmMahoganyH2.12G073600	Cula__CULA11G21480	Lf__L1049_026827	Lc__Lchi26686	Pa__MA_2267030g0010	Qs__XP_023893271.1	Vv__XP_002285702.1
OG0013084	one_per_species_in_Orthogroups	yes	Cm__CmMahoganyH2.12G097300	Cula__CULA08G47410	Lf__L1049_003246	Lc__Lchi08360	Pa__MA_10434929g0010	Qs__XP_023888292.1	Vv__XP_002276966.1
OG0013086	one_per_species_in_Orthogroups	yes	Cm__CmMahoganyH2.12G116800	Cula__CULA02G42080	Lf__L1049_025806	Lc__Lchi02033	Pa__MA_540763g0010	Qs__XP_023926853.1	Vv__XP_002285874.1
OG0013087	one_per_species_in_Orthogroups	yes	Cm__CmMahoganyH2.12G118300	Cula__CULA05G24980	Lf__L1049_003409	Lc__Lchi04585	Pa__MA_70161g0010	Qs__XP_023892302.1	Vv__XP_002285871.1
OG0013088	one_per_species_in_Orthogroups	no	Cm__CmMahoganyH2.12G118800	Cula__CULA11G02440	Lf__L1049_025526	Lc__Lchi02013	Pa__MA_102777g0010	Qs__XP_065616511.1	Vv__XP_002285868.1
OG0013090	one_per_species_in_Orthogroups	yes	Cm__CmMahoganyH2.12G121300	Cula__CULA06G21540	Lf__L1049_026010	Lc__Lchi08697	Pa__MA_10426742g0010	Qs__XP_065633398.1	Vv__XP_002285859.1
OG0013091	one_per_species_in_Orthogroups	no	Cm__CmMahoganyH2.12G124800	Cula__CULA08G05640	Lf__L1049_026128	Lc__Lchi01900	Pa__MA_89872g0010	Qs__XP_023921701.1	Vv__XP_010664229.1
OG0013093	one_per_species_in_Orthogroups	yes	Cm__CmMahoganyH2.12G129800	Cula__CULA06G58730	Lf__L1049_004755	Lc__Lchi13242	Pa__MA_10437180g0010	Qs__XP_023875030.1	Vv__XP_002263238.1
OG0013097	one_per_species_in_Orthogroups	no	Cm__CmMahoganyH2.12G153500	Cula__CULA01G47970	Lf__L1049_003784	Lc__Lchi10023	Pa__MA_99496g0010	Qs__XP_023874019.2	Vv__XP_010645307.2
OG0013098	one_per_species_in_Orthogroups	yes	Cm__CmMahoganyH2.12G156100	Cula__CULA02G09570	Lf__L1049_004583	Lc__Lchi17176	Pa__MA_129475g0010	Qs__XP_065633054.1	Vv__XP_002266557.3
OG0013099	one_per_species_in_Orthogroups	no	Cm__CmMahoganyH2.12G158200	Cula__CULA02G44530	Lf__L1049_004150	Lc__Lchi17205	Pa__MA_100722g0010	Qs__XP_023872427.1	Vv__XP_002263684.2
OG0013103	one_per_species_in_Orthogroups	yes	Cm__CmMahoganyH2.12G168200	Cula__CULA01G64270	Lf__L1049_015550	Lc__Lchi26979	Pa__MA_111858g0010	Qs__XP_065627781.1	Vv__XP_002271890.1
OG0013104	one_per_species_in_Orthogroups	yes	Cm__CmMahoganyH2.12G171100	Cula__CULA03G44780	Lf__L1049_004438	Lc__Lchi02572	Pa__MA_10430331g0010	Qs__XP_065630418.1	Vv__XP_002265905.2
