Orthogroup	source	C_mollissima	Liriodendron_hybrid	V_vinifera	n_Cunninghamia_lanceolata_CULA	n_Liquidambar_formosana	n_Picea_abies	n_Quercus_suber
OG0011799	one_gene_each_in_target_3species_from_ref7_Orthogroups	Cm__CmMahoganyH2.10G140300	Lc__Lchi03010	Vv__XP_010664278.1	1	1	1	1
OG0011815	one_gene_each_in_target_3species_from_ref7_Orthogroups	Cm__CmMahoganyH2.06G060400	Lc__Lchi17315	Vv__XP_002284668.1	1	1	1	1
OG0011821	one_gene_each_in_target_3species_from_ref7_Orthogroups	Cm__CmMahoganyH2.03G164500	Lc__Lchi00710	Vv__XP_002268965.1	1	1	1	1
OG0011823	one_gene_each_in_target_3species_from_ref7_Orthogroups	Cm__CmMahoganyH2.06G234900	Lc__Lchi18190	Vv__XP_003633223.1	1	1	1	1
OG0011828	one_gene_each_in_target_3species_from_ref7_Orthogroups	Cm__CmMahoganyH2.06G064200	Lc__Lchi28759	Vv__XP_002282241.3	1	1	1	1
OG0011830	one_gene_each_in_target_3species_from_ref7_Orthogroups	Cm__CmMahoganyH2.09G094900	Lc__Lchi26047	Vv__XP_002265437.1	1	1	1	1
OG0011853	one_gene_each_in_target_3species_from_ref7_Orthogroups	Cm__CmMahoganyH2.10G159000	Lc__Lchi04908	Vv__XP_002270958.1	1	1	1	1
OG0011857	one_gene_each_in_target_3species_from_ref7_Orthogroups	Cm__CmMahoganyH2.08G024300	Lc__Lchi04362	Vv__XP_003632132.1	1	1	1	1
OG0011862	one_gene_each_in_target_3species_from_ref7_Orthogroups	Cm__CmMahoganyH2.04G088800	Lc__Lchi03782	Vv__XP_002269751.1	1	1	1	1
OG0011878	one_gene_each_in_target_3species_from_ref7_Orthogroups	Cm__CmMahoganyH2.09G043400	Lc__Lchi21843	Vv__XP_002283857.1	1	1	1	1
OG0011880	one_gene_each_in_target_3species_from_ref7_Orthogroups	Cm__CmMahoganyH2.08G101800	Lc__Lchi28199	Vv__XP_002276021.1	1	1	1	1
OG0011882	one_gene_each_in_target_3species_from_ref7_Orthogroups	Cm__CmMahoganyH2.06G164400	Lc__Lchi28034	Vv__XP_019080189.1	1	1	1	1
OG0011885	one_gene_each_in_target_3species_from_ref7_Orthogroups	Cm__CmMahoganyH2.06G083900	Lc__Lchi07155	Vv__XP_002262661.3	1	1	1	1
OG0011887	one_gene_each_in_target_3species_from_ref7_Orthogroups	Cm__CmMahoganyH2.12G120100	Lc__Lchi02152	Vv__XP_002284503.3	1	1	1	1
OG0011890	one_gene_each_in_target_3species_from_ref7_Orthogroups	Cm__CmMahoganyH2.06G021100	Lc__Lchi07221	Vv__XP_002264297.1	1	1	1	1
OG0011894	one_gene_each_in_target_3species_from_ref7_Orthogroups	Cm__CmMahoganyH2.07G008700	Lc__Lchi02705	Vv__XP_002277323.2	1	1	1	1
OG0011898	one_gene_each_in_target_3species_from_ref7_Orthogroups	Cm__CmMahoganyH2.01G243800	Lc__Lchi02490	Vv__XP_002274559.2	1	1	1	1
OG0011907	one_gene_each_in_target_3species_from_ref7_Orthogroups	Cm__CmMahoganyH2.10G135700	Lc__Lchi00060	Vv__XP_010652336.1	1	1	1	1
OG0011908	one_gene_each_in_target_3species_from_ref7_Orthogroups	Cm__CmMahoganyH2.08G077300	Lc__Lchi23364	Vv__XP_002285017.1	1	1	1	1
OG0011910	one_gene_each_in_target_3species_from_ref7_Orthogroups	Cm__CmMahoganyH2.12G077600	Lc__Lchi27817	Vv__XP_002285663.1	1	1	1	1
OG0011919	one_gene_each_in_target_3species_from_ref7_Orthogroups	Cm__CmMahoganyH2.01G266300	Lc__Lchi07539	Vv__XP_010660886.1	1	1	1	1
OG0011921	one_gene_each_in_target_3species_from_ref7_Orthogroups	Cm__CmMahoganyH2.03G076000	Lc__Lchi22185	Vv__XP_002270792.1	1	1	1	1
OG0011925	one_gene_each_in_target_3species_from_ref7_Orthogroups	Cm__CmMahoganyH2.08G025800	Lc__Lchi04350	Vv__XP_002278413.1	1	1	1	1
OG0011943	one_gene_each_in_target_3species_from_ref7_Orthogroups	Cm__CmMahoganyH2.05G174600	Lc__Lchi28052	Vv__XP_002274769.1	1	1	1	1
OG0011947	one_gene_each_in_target_3species_from_ref7_Orthogroups	Cm__CmMahoganyH2.01G126700	Lc__Lchi15638	Vv__XP_002277877.2	1	1	1	1
OG0011951	one_gene_each_in_target_3species_from_ref7_Orthogroups	Cm__CmMahoganyH2.07G018200	Lc__Lchi16356	Vv__XP_002274388.1	1	1	1	1
OG0011973	one_gene_each_in_target_3species_from_ref7_Orthogroups	Cm__CmMahoganyH2.12G074100	Lc__Lchi02299	Vv__XP_002285696.1	1	1	1	1
OG0011975	one_gene_each_in_target_3species_from_ref7_Orthogroups	Cm__CmMahoganyH2.10G153400	Lc__Lchi15062	Vv__XP_010664515.1	1	1	1	1
OG0011986	one_gene_each_in_target_3species_from_ref7_Orthogroups	Cm__CmMahoganyH2.01G151300	Lc__Lchi20326	Vv__XP_002268373.1	1	1	1	1
OG0011988	one_gene_each_in_target_3species_from_ref7_Orthogroups	Cm__CmMahoganyH2.10G087400	Lc__Lchi04421	Vv__XP_002269127.1	1	1	1	1
OG0011995	one_gene_each_in_target_3species_from_ref7_Orthogroups	Cm__CmMahoganyH2.09G174700	Lc__Lchi06102	Vv__XP_010653790.1	1	1	1	1
OG0011996	one_gene_each_in_target_3species_from_ref7_Orthogroups	Cm__CmMahoganyH2.11G003000	Lc__Lchi18189	Vv__XP_002263612.1	1	1	1	1
OG0011998	one_gene_each_in_target_3species_from_ref7_Orthogroups	Cm__CmMahoganyH2.01G319000	Lc__Lchi17418	Vv__XP_002267328.2	1	1	1	1
OG0012001	one_gene_each_in_target_3species_from_ref7_Orthogroups	Cm__CmMahoganyH2.08G003500	Lc__Lchi29957	Vv__XP_002279984.3	1	1	1	1
OG0012003	one_gene_each_in_target_3species_from_ref7_Orthogroups	Cm__CmMahoganyH2.01G122300	Lc__Lchi01754	Vv__XP_002269515.1	1	1	1	1
OG0012004	one_gene_each_in_target_3species_from_ref7_Orthogroups	Cm__CmMahoganyH2.01G130600	Lc__Lchi29420	Vv__XP_002272607.2	1	1	1	1
OG0012006	one_gene_each_in_target_3species_from_ref7_Orthogroups	Cm__CmMahoganyH2.02G050900	Lc__Lchi00296	Vv__XP_002272388.1	1	1	1	1
OG0012007	one_gene_each_in_target_3species_from_ref7_Orthogroups	Cm__CmMahoganyH2.03G128000	Lc__Lchi19575	Vv__XP_003631322.1	1	1	1	1
OG0012012	one_gene_each_in_target_3species_from_ref7_Orthogroups	Cm__CmMahoganyH2.01G316500	Lc__Lchi10673	Vv__XP_002263200.2	1	1	1	1
OG0012027	one_gene_each_in_target_3species_from_ref7_Orthogroups	Cm__CmMahoganyH2.08G024800	Lc__Lchi25630	Vv__XP_002278579.1	1	1	1	1
OG0012029	one_gene_each_in_target_3species_from_ref7_Orthogroups	Cm__CmMahoganyH2.05G163900	Lc__Lchi17745	Vv__XP_010647145.1	1	1	1	1
OG0012031	one_gene_each_in_target_3species_from_ref7_Orthogroups	Cm__CmMahoganyH2.12G000400	Lc__Lchi01671	Vv__XP_002264380.3	1	1	1	1
OG0012040	one_gene_each_in_target_3species_from_ref7_Orthogroups	Cm__CmMahoganyH2.12G096300	Lc__Lchi01200	Vv__XP_002274994.1	1	1	1	1
OG0012066	one_gene_each_in_target_3species_from_ref7_Orthogroups	Cm__CmMahoganyH2.01G158900	Lc__Lchi20289	Vv__XP_002264617.2	1	1	1	1
OG0012067	one_gene_each_in_target_3species_from_ref7_Orthogroups	Cm__CmMahoganyH2.01G293400	Lc__Lchi01018	Vv__XP_002280953.1	1	1	1	1
OG0012069	one_gene_each_in_target_3species_from_ref7_Orthogroups	Cm__CmMahoganyH2.03G105200	Lc__Lchi26337	Vv__XP_003631230.1	1	1	1	1
OG0012076	one_gene_each_in_target_3species_from_ref7_Orthogroups	Cm__CmMahoganyH2.08G008500	Lc__Lchi14810	Vv__XP_002276273.1	1	1	1	1
OG0012078	one_gene_each_in_target_3species_from_ref7_Orthogroups	Cm__CmMahoganyH2.02G112100	Lc__Lchi02121	Vv__XP_002275141.2	1	1	1	1
OG0012080	one_gene_each_in_target_3species_from_ref7_Orthogroups	Cm__CmMahoganyH2.05G122800	Lc__Lchi17626	Vv__XP_002272874.2	1	1	1	1
OG0012081	one_gene_each_in_target_3species_from_ref7_Orthogroups	Cm__CmMahoganyH2.08G063800	Lc__Lchi04297	Vv__XP_002279721.1	1	1	1	1
OG0012082	one_gene_each_in_target_3species_from_ref7_Orthogroups	Cm__CmMahoganyH2.02G105100	Lc__Lchi02591	Vv__XP_002271213.1	1	1	1	1
OG0012087	one_gene_each_in_target_3species_from_ref7_Orthogroups	Cm__CmMahoganyH2.04G065500	Lc__Lchi19611	Vv__XP_002267281.3	1	1	1	1
OG0012088	one_gene_each_in_target_3species_from_ref7_Orthogroups	Cm__CmMahoganyH2.04G140400	Lc__Lchi28425	Vv__XP_010663104.1	1	1	1	1
OG0012094	one_gene_each_in_target_3species_from_ref7_Orthogroups	Cm__CmMahoganyH2.08G174900	Lc__Lchi16382	Vv__XP_002284395.2	1	1	1	1
OG0012099	one_gene_each_in_target_3species_from_ref7_Orthogroups	Cm__CmMahoganyH2.10G043000	Lc__Lchi06057	Vv__XP_002267185.2	1	1	1	1
OG0012102	one_gene_each_in_target_3species_from_ref7_Orthogroups	Cm__CmMahoganyH2.01G179200	Lc__Lchi05168	Vv__XP_002264373.1	1	1	1	1
OG0012105	one_gene_each_in_target_3species_from_ref7_Orthogroups	Cm__CmMahoganyH2.09G008700	Lc__Lchi18993	Vv__XP_002278867.1	1	1	1	1
OG0012117	one_gene_each_in_target_3species_from_ref7_Orthogroups	Cm__CmMahoganyH2.01G303100	Lc__Lchi05599	Vv__XP_002285044.1	1	1	1	1
OG0012118	one_gene_each_in_target_3species_from_ref7_Orthogroups	Cm__CmMahoganyH2.02G014600	Lc__Lchi21211	Vv__XP_002278494.1	1	1	1	1
OG0012120	one_gene_each_in_target_3species_from_ref7_Orthogroups	Cm__CmMahoganyH2.03G084100	Lc__Lchi05859	Vv__XP_002284969.1	1	1	1	1
OG0012125	one_gene_each_in_target_3species_from_ref7_Orthogroups	Cm__CmMahoganyH2.12G148300	Lc__Lchi29667	Vv__XP_010652447.1	1	1	1	1
OG0012128	one_gene_each_in_target_3species_from_ref7_Orthogroups	Cm__CmMahoganyH2.06G146300	Lc__Lchi25214	Vv__XP_002268768.3	1	1	1	1
OG0012134	one_gene_each_in_target_3species_from_ref7_Orthogroups	Cm__CmMahoganyH2.12G022000	Lc__Lchi08468	Vv__XP_002264216.1	1	1	1	1
OG0012139	one_gene_each_in_target_3species_from_ref7_Orthogroups	Cm__CmMahoganyH2.12G135300	Lc__Lchi21673	Vv__XP_002276857.2	1	1	1	1
OG0012145	one_gene_each_in_target_3species_from_ref7_Orthogroups	Cm__CmMahoganyH2.05G133000	Lc__Lchi18933	Vv__XP_002280537.1	1	1	1	1
OG0012146	one_gene_each_in_target_3species_from_ref7_Orthogroups	Cm__CmMahoganyH2.06G132900	Lc__Lchi07399	Vv__XP_002274385.2	1	1	1	1
OG0012148	one_gene_each_in_target_3species_from_ref7_Orthogroups	Cm__CmMahoganyH2.08G031700	Lc__Lchi11239	Vv__XP_002284848.1	1	1	1	1
OG0012149	one_gene_each_in_target_3species_from_ref7_Orthogroups	Cm__CmMahoganyH2.10G176400	Lc__Lchi25031	Vv__XP_002280519.2	1	1	1	1
OG0012150	one_gene_each_in_target_3species_from_ref7_Orthogroups	Cm__CmMahoganyH2.08G051400	Lc__Lchi01179	Vv__XP_002280634.1	1	1	1	1
OG0012155	one_gene_each_in_target_3species_from_ref7_Orthogroups	Cm__CmMahoganyH2.12G010700	Lc__Lchi16166	Vv__XP_003634940.1	1	1	1	1
OG0012157	one_gene_each_in_target_3species_from_ref7_Orthogroups	Cm__CmMahoganyH2.02G111300	Lc__Lchi29995	Vv__XP_010649380.1	1	1	1	1
OG0012159	one_gene_each_in_target_3species_from_ref7_Orthogroups	Cm__CmMahoganyH2.01G095800	Lc__Lchi03699	Vv__XP_002283410.2	1	1	1	1
OG0012162	one_gene_each_in_target_3species_from_ref7_Orthogroups	Cm__CmMahoganyH2.10G080800	Lc__Lchi26877	Vv__XP_002276328.2	1	1	1	1
OG0012164	one_gene_each_in_target_3species_from_ref7_Orthogroups	Cm__CmMahoganyH2.01G291600	Lc__Lchi02865	Vv__XP_002283932.1	1	1	1	1
OG0012172	one_gene_each_in_target_3species_from_ref7_Orthogroups	Cm__CmMahoganyH2.03G144200	Lc__Lchi11393	Vv__XP_002272590.2	1	1	1	1
OG0012173	one_gene_each_in_target_3species_from_ref7_Orthogroups	Cm__CmMahoganyH2.08G016500	Lc__Lchi30613	Vv__XP_002283449.1	1	1	1	1
OG0012176	one_gene_each_in_target_3species_from_ref7_Orthogroups	Cm__CmMahoganyH2.08G002900	Lc__Lchi05325	Vv__XP_002266252.1	1	1	1	1
OG0012179	one_gene_each_in_target_3species_from_ref7_Orthogroups	Cm__CmMahoganyH2.06G203500	Lc__Lchi08395	Vv__XP_002263861.1	1	1	1	1
OG0012183	one_gene_each_in_target_3species_from_ref7_Orthogroups	Cm__CmMahoganyH2.09G131000	Lc__Lchi19960	Vv__XP_002263213.1	1	1	1	1
OG0012189	one_gene_each_in_target_3species_from_ref7_Orthogroups	Cm__CmMahoganyH2.05G079400	Lc__Lchi09550	Vv__XP_002272988.1	1	1	1	1
OG0012203	one_gene_each_in_target_3species_from_ref7_Orthogroups	Cm__CmMahoganyH2.10G036200	Lc__Lchi19272	Vv__XP_002264869.2	1	1	1	1
OG0012208	one_gene_each_in_target_3species_from_ref7_Orthogroups	Cm__CmMahoganyH2.06G017300	Lc__Lchi29865	Vv__XP_002268825.1	1	1	1	1
OG0012215	one_gene_each_in_target_3species_from_ref7_Orthogroups	Cm__CmMahoganyH2.10G147200	Lc__Lchi13789	Vv__XP_002285788.1	1	1	1	1
OG0012223	one_gene_each_in_target_3species_from_ref7_Orthogroups	Cm__CmMahoganyH2.10G070400	Lc__Lchi00212	Vv__XP_002275043.1	1	1	1	1
OG0012227	one_gene_each_in_target_3species_from_ref7_Orthogroups	Cm__CmMahoganyH2.02G032700	Lc__Lchi23040	Vv__XP_003631980.1	1	1	1	1
OG0012228	one_gene_each_in_target_3species_from_ref7_Orthogroups	Cm__CmMahoganyH2.01G280600	Lc__Lchi04814	Vv__XP_002281420.1	1	1	1	1
OG0012229	one_gene_each_in_target_3species_from_ref7_Orthogroups	Cm__CmMahoganyH2.01G289000	Lc__Lchi14298	Vv__XP_002283393.2	1	1	1	1
OG0012234	one_gene_each_in_target_3species_from_ref7_Orthogroups	Cm__CmMahoganyH2.10G139900	Lc__Lchi09278	Vv__XP_002285817.1	1	1	1	1
OG0012236	one_gene_each_in_target_3species_from_ref7_Orthogroups	Cm__CmMahoganyH2.02G163000	Lc__Lchi01922	Vv__NP_001268202.1	1	1	1	1
OG0012239	one_gene_each_in_target_3species_from_ref7_Orthogroups	Cm__CmMahoganyH2.05G009800	Lc__Lchi11471	Vv__XP_002272277.1	1	1	1	1
OG0012240	one_gene_each_in_target_3species_from_ref7_Orthogroups	Cm__CmMahoganyH2.03G032800	Lc__Lchi23789	Vv__XP_002266748.1	1	1	1	1
OG0012243	one_gene_each_in_target_3species_from_ref7_Orthogroups	Cm__CmMahoganyH2.03G055300	Lc__Lchi04426	Vv__XP_002274195.1	1	1	1	1
OG0012252	one_gene_each_in_target_3species_from_ref7_Orthogroups	Cm__CmMahoganyH2.10G057100	Lc__Lchi17883	Vv__XP_002275649.1	1	1	1	1
OG0012256	one_gene_each_in_target_3species_from_ref7_Orthogroups	Cm__CmMahoganyH2.01G077000	Lc__Lchi09354	Vv__XP_002272189.1	1	1	1	1
OG0012257	one_gene_each_in_target_3species_from_ref7_Orthogroups	Cm__CmMahoganyH2.01G099400	Lc__Lchi03814	Vv__XP_002282880.1	1	1	1	1
OG0012261	one_gene_each_in_target_3species_from_ref7_Orthogroups	Cm__CmMahoganyH2.02G154300	Lc__Lchi11720	Vv__XP_002279446.1	1	1	1	1
OG0012262	one_gene_each_in_target_3species_from_ref7_Orthogroups	Cm__CmMahoganyH2.03G016300	Lc__Lchi15562	Vv__XP_002277942.2	1	1	1	1
OG0012263	one_gene_each_in_target_3species_from_ref7_Orthogroups	Cm__CmMahoganyH2.03G062000	Lc__Lchi26842	Vv__XP_002278422.1	1	1	1	1
OG0012270	one_gene_each_in_target_3species_from_ref7_Orthogroups	Cm__CmMahoganyH2.08G167400	Lc__Lchi10122	Vv__XP_002283981.1	1	1	1	1
OG0012276	one_gene_each_in_target_3species_from_ref7_Orthogroups	Cm__CmMahoganyH2.02G109600	Lc__Lchi17197	Vv__XP_002264227.1	1	1	1	1
OG0012279	one_gene_each_in_target_3species_from_ref7_Orthogroups	Cm__CmMahoganyH2.05G093900	Lc__Lchi08529	Vv__XP_010655463.1	1	1	1	1
OG0012281	one_gene_each_in_target_3species_from_ref7_Orthogroups	Cm__CmMahoganyH2.09G045700	Lc__Lchi25514	Vv__XP_002283381.1	1	1	1	1
OG0012288	one_gene_each_in_target_3species_from_ref7_Orthogroups	Cm__CmMahoganyH2.04G136900	Lc__Lchi11880	Vv__XP_002263667.2	1	1	1	1
OG0012290	one_gene_each_in_target_3species_from_ref7_Orthogroups	Cm__CmMahoganyH2.07G024600	Lc__Lchi05130	Vv__XP_002267083.1	1	1	1	1
OG0012294	one_gene_each_in_target_3species_from_ref7_Orthogroups	Cm__CmMahoganyH2.04G054100	Lc__Lchi10111	Vv__XP_002268625.1	1	1	1	1
OG0012295	one_gene_each_in_target_3species_from_ref7_Orthogroups	Cm__CmMahoganyH2.04G109900	Lc__Lchi02914	Vv__XP_002284929.1	1	1	1	1
OG0012302	one_gene_each_in_target_3species_from_ref7_Orthogroups	Cm__CmMahoganyH2.06G164300	Lc__Lchi21583	Vv__XP_002279143.2	1	1	1	1
OG0012303	one_gene_each_in_target_3species_from_ref7_Orthogroups	Cm__CmMahoganyH2.06G228800	Lc__Lchi18522	Vv__XP_002283267.1	1	1	1	1
OG0012315	one_gene_each_in_target_3species_from_ref7_Orthogroups	Cm__CmMahoganyH2.01G264800	Lc__Lchi02386	Vv__XP_010660870.1	1	1	1	1
OG0012318	one_gene_each_in_target_3species_from_ref7_Orthogroups	Cm__CmMahoganyH2.04G090400	Lc__Lchi12212	Vv__XP_002273412.2	1	1	1	1
OG0012319	one_gene_each_in_target_3species_from_ref7_Orthogroups	Cm__CmMahoganyH2.03G110700	Lc__Lchi17244	Vv__XP_002273831.1	1	1	1	1
OG0012320	one_gene_each_in_target_3species_from_ref7_Orthogroups	Cm__CmMahoganyH2.05G061700	Lc__Lchi04758	Vv__XP_002281013.1	1	1	1	1
OG0012323	one_gene_each_in_target_3species_from_ref7_Orthogroups	Cm__CmMahoganyH2.09G129400	Lc__Lchi00651	Vv__XP_002281697.1	1	1	1	1
OG0012326	one_gene_each_in_target_3species_from_ref7_Orthogroups	Cm__CmMahoganyH2.12G136900	Lc__Lchi22526	Vv__XP_002275953.1	1	1	1	1
OG0012331	one_gene_each_in_target_3species_from_ref7_Orthogroups	Cm__CmMahoganyH2.03G069900	Lc__Lchi13089	Vv__XP_003633692.1	1	1	1	1
OG0012332	one_gene_each_in_target_3species_from_ref7_Orthogroups	Cm__CmMahoganyH2.03G156700	Lc__Lchi23702	Vv__XP_002269008.1	1	1	1	1
OG0012333	one_gene_each_in_target_3species_from_ref7_Orthogroups	Cm__CmMahoganyH2.04G167400	Lc__Lchi02460	Vv__XP_003634223.1	1	1	1	1
OG0012335	one_gene_each_in_target_3species_from_ref7_Orthogroups	Cm__CmMahoganyH2.06G139600	Lc__Lchi29086	Vv__XP_002273082.1	1	1	1	1
OG0012336	one_gene_each_in_target_3species_from_ref7_Orthogroups	Cm__CmMahoganyH2.08G015100	Lc__Lchi16271	Vv__XP_002283553.1	1	1	1	1
OG0012337	one_gene_each_in_target_3species_from_ref7_Orthogroups	Cm__CmMahoganyH2.09G100400	Lc__Lchi16502	Vv__XP_002275006.1	1	1	1	1
OG0012338	one_gene_each_in_target_3species_from_ref7_Orthogroups	Cm__CmMahoganyH2.10G068600	Lc__Lchi06416	Vv__XP_002271180.1	1	1	1	1
OG0012339	one_gene_each_in_target_3species_from_ref7_Orthogroups	Cm__CmMahoganyH2.10G068700	Lc__Lchi06417	Vv__XP_002271147.1	1	1	1	1
OG0012340	one_gene_each_in_target_3species_from_ref7_Orthogroups	Cm__CmMahoganyH2.12G036000	Lc__Lchi08585	Vv__XP_002277330.1	1	1	1	1
OG0012342	one_gene_each_in_target_3species_from_ref7_Orthogroups	Cm__CmMahoganyH2.01G002700	Lc__Lchi16764	Vv__XP_003631808.1	1	1	1	1
OG0012343	one_gene_each_in_target_3species_from_ref7_Orthogroups	Cm__CmMahoganyH2.01G005300	Lc__Lchi03415	Vv__XP_002279110.1	1	1	1	1
OG0012344	one_gene_each_in_target_3species_from_ref7_Orthogroups	Cm__CmMahoganyH2.01G005800	Lc__Lchi03461	Vv__XP_019075088.1	1	1	1	1
OG0012350	one_gene_each_in_target_3species_from_ref7_Orthogroups	Cm__CmMahoganyH2.01G023100	Lc__Lchi13167	Vv__XP_002282947.3	1	1	1	1
OG0012353	one_gene_each_in_target_3species_from_ref7_Orthogroups	Cm__CmMahoganyH2.01G033700	Lc__Lchi13901	Vv__XP_010664597.1	1	1	1	1
OG0012354	one_gene_each_in_target_3species_from_ref7_Orthogroups	Cm__CmMahoganyH2.01G039400	Lc__Lchi23638	Vv__XP_010664636.1	1	1	1	1
OG0012355	one_gene_each_in_target_3species_from_ref7_Orthogroups	Cm__CmMahoganyH2.01G039700	Lc__Lchi23628	Vv__XP_002283650.1	1	1	1	1
OG0012357	one_gene_each_in_target_3species_from_ref7_Orthogroups	Cm__CmMahoganyH2.01G043600	Lc__Lchi18773	Vv__XP_002281567.2	1	1	1	1
OG0012358	one_gene_each_in_target_3species_from_ref7_Orthogroups	Cm__CmMahoganyH2.01G045100	Lc__Lchi18801	Vv__XP_002281468.1	1	1	1	1
OG0012361	one_gene_each_in_target_3species_from_ref7_Orthogroups	Cm__CmMahoganyH2.01G057000	Lc__Lchi29166	Vv__XP_002280655.1	1	1	1	1
OG0012364	one_gene_each_in_target_3species_from_ref7_Orthogroups	Cm__CmMahoganyH2.01G069200	Lc__Lchi11233	Vv__XP_002285902.1	1	1	1	1
OG0012365	one_gene_each_in_target_3species_from_ref7_Orthogroups	Cm__CmMahoganyH2.01G069600	Lc__Lchi18683	Vv__XP_002285904.1	1	1	1	1
OG0012367	one_gene_each_in_target_3species_from_ref7_Orthogroups	Cm__CmMahoganyH2.01G074500	Lc__Lchi12120	Vv__XP_002272226.1	1	1	1	1
OG0012368	one_gene_each_in_target_3species_from_ref7_Orthogroups	Cm__CmMahoganyH2.01G074600	Lc__Lchi12119	Vv__XP_002270277.2	1	1	1	1
OG0012369	one_gene_each_in_target_3species_from_ref7_Orthogroups	Cm__CmMahoganyH2.01G075200	Lc__Lchi26640	Vv__XP_002285933.1	1	1	1	1
OG0012371	one_gene_each_in_target_3species_from_ref7_Orthogroups	Cm__CmMahoganyH2.01G080100	Lc__Lchi33882	Vv__XP_002273127.1	1	1	1	1
OG0012372	one_gene_each_in_target_3species_from_ref7_Orthogroups	Cm__CmMahoganyH2.01G080300	Lc__Lchi11279	Vv__XP_002274365.1	1	1	1	1
OG0012373	one_gene_each_in_target_3species_from_ref7_Orthogroups	Cm__CmMahoganyH2.01G080500	Lc__Lchi03366	Vv__XP_002274272.1	1	1	1	1
OG0012374	one_gene_each_in_target_3species_from_ref7_Orthogroups	Cm__CmMahoganyH2.01G087700	Lc__Lchi00613	Vv__XP_002263052.1	1	1	1	1
OG0012376	one_gene_each_in_target_3species_from_ref7_Orthogroups	Cm__CmMahoganyH2.01G090500	Lc__Lchi19688	Vv__XP_002281957.1	1	1	1	1
OG0012377	one_gene_each_in_target_3species_from_ref7_Orthogroups	Cm__CmMahoganyH2.01G096000	Lc__Lchi09633	Vv__XP_002285573.1	1	1	1	1
OG0012384	one_gene_each_in_target_3species_from_ref7_Orthogroups	Cm__CmMahoganyH2.01G131900	Lc__Lchi06496	Vv__XP_010660021.1	1	1	1	1
OG0012385	one_gene_each_in_target_3species_from_ref7_Orthogroups	Cm__CmMahoganyH2.01G134300	Lc__Lchi06480	Vv__XP_002280885.1	1	1	1	1
OG0012387	one_gene_each_in_target_3species_from_ref7_Orthogroups	Cm__CmMahoganyH2.01G140100	Lc__Lchi00022	Vv__XP_002269912.1	1	1	1	1
OG0012389	one_gene_each_in_target_3species_from_ref7_Orthogroups	Cm__CmMahoganyH2.01G150800	Lc__Lchi33526	Vv__XP_002269211.1	1	1	1	1
OG0012391	one_gene_each_in_target_3species_from_ref7_Orthogroups	Cm__CmMahoganyH2.01G159500	Lc__Lchi14004	Vv__XP_002265135.1	1	1	1	1
OG0012395	one_gene_each_in_target_3species_from_ref7_Orthogroups	Cm__CmMahoganyH2.01G167100	Lc__Lchi29504	Vv__XP_010661108.1	1	1	1	1
OG0012397	one_gene_each_in_target_3species_from_ref7_Orthogroups	Cm__CmMahoganyH2.01G167600	Lc__Lchi27190	Vv__XP_002284191.1	1	1	1	1
OG0012398	one_gene_each_in_target_3species_from_ref7_Orthogroups	Cm__CmMahoganyH2.01G168800	Lc__Lchi01008	Vv__XP_002280942.1	1	1	1	1
OG0012399	one_gene_each_in_target_3species_from_ref7_Orthogroups	Cm__CmMahoganyH2.01G172400	Lc__Lchi03571	Vv__XP_002280407.1	1	1	1	1
OG0012406	one_gene_each_in_target_3species_from_ref7_Orthogroups	Cm__CmMahoganyH2.01G199800	Lc__Lchi25002	Vv__XP_019080686.1	1	1	1	1
OG0012407	one_gene_each_in_target_3species_from_ref7_Orthogroups	Cm__CmMahoganyH2.01G200400	Lc__Lchi05896	Vv__XP_002274836.2	1	1	1	1
OG0012408	one_gene_each_in_target_3species_from_ref7_Orthogroups	Cm__CmMahoganyH2.01G202700	Lc__Lchi19582	Vv__XP_002270157.1	1	1	1	1
OG0012409	one_gene_each_in_target_3species_from_ref7_Orthogroups	Cm__CmMahoganyH2.01G202800	Lc__Lchi05815	Vv__XP_002264144.1	1	1	1	1
OG0012410	one_gene_each_in_target_3species_from_ref7_Orthogroups	Cm__CmMahoganyH2.01G209500	Lc__Lchi16802	Vv__XP_002280767.1	1	1	1	1
OG0012412	one_gene_each_in_target_3species_from_ref7_Orthogroups	Cm__CmMahoganyH2.01G212100	Lc__Lchi05176	Vv__XP_002281553.1	1	1	1	1
OG0012414	one_gene_each_in_target_3species_from_ref7_Orthogroups	Cm__CmMahoganyH2.01G214900	Lc__Lchi00757	Vv__XP_002282308.1	1	1	1	1
OG0012415	one_gene_each_in_target_3species_from_ref7_Orthogroups	Cm__CmMahoganyH2.01G215400	Lc__Lchi00734	Vv__XP_002282381.1	1	1	1	1
OG0012417	one_gene_each_in_target_3species_from_ref7_Orthogroups	Cm__CmMahoganyH2.01G224500	Lc__Lchi12201	Vv__XP_002278556.2	1	1	1	1
OG0012419	one_gene_each_in_target_3species_from_ref7_Orthogroups	Cm__CmMahoganyH2.01G226800	Lc__Lchi07950	Vv__XP_002278111.1	1	1	1	1
OG0012422	one_gene_each_in_target_3species_from_ref7_Orthogroups	Cm__CmMahoganyH2.01G237600	Lc__Lchi02364	Vv__XP_002276522.1	1	1	1	1
OG0012424	one_gene_each_in_target_3species_from_ref7_Orthogroups	Cm__CmMahoganyH2.01G245700	Lc__Lchi22554	Vv__XP_002270554.1	1	1	1	1
OG0012428	one_gene_each_in_target_3species_from_ref7_Orthogroups	Cm__CmMahoganyH2.01G247700	Lc__Lchi20407	Vv__XP_003633767.1	1	1	1	1
OG0012429	one_gene_each_in_target_3species_from_ref7_Orthogroups	Cm__CmMahoganyH2.01G260500	Lc__Lchi11687	Vv__XP_002272292.2	1	1	1	1
OG0012432	one_gene_each_in_target_3species_from_ref7_Orthogroups	Cm__CmMahoganyH2.01G266800	Lc__Lchi22882	Vv__XP_002273877.1	1	1	1	1
OG0012433	one_gene_each_in_target_3species_from_ref7_Orthogroups	Cm__CmMahoganyH2.01G268000	Lc__Lchi14375	Vv__XP_002277200.1	1	1	1	1
OG0012435	one_gene_each_in_target_3species_from_ref7_Orthogroups	Cm__CmMahoganyH2.01G275700	Lc__Lchi23340	Vv__XP_002275276.3	1	1	1	1
OG0012438	one_gene_each_in_target_3species_from_ref7_Orthogroups	Cm__CmMahoganyH2.01G284400	Lc__Lchi23114	Vv__XP_002277137.1	1	1	1	1
OG0012440	one_gene_each_in_target_3species_from_ref7_Orthogroups	Cm__CmMahoganyH2.01G287000	Lc__Lchi16431	Vv__XP_002275669.2	1	1	1	1
OG0012441	one_gene_each_in_target_3species_from_ref7_Orthogroups	Cm__CmMahoganyH2.01G293100	Lc__Lchi16081	Vv__XP_010661103.2	1	1	1	1
OG0012442	one_gene_each_in_target_3species_from_ref7_Orthogroups	Cm__CmMahoganyH2.01G297300	Lc__Lchi04685	Vv__XP_002281353.1	1	1	1	1
OG0012443	one_gene_each_in_target_3species_from_ref7_Orthogroups	Cm__CmMahoganyH2.01G298200	Lc__Lchi04697	Vv__XP_002281531.1	1	1	1	1
OG0012444	one_gene_each_in_target_3species_from_ref7_Orthogroups	Cm__CmMahoganyH2.01G299000	Lc__Lchi04721	Vv__XP_002284876.1	1	1	1	1
OG0012447	one_gene_each_in_target_3species_from_ref7_Orthogroups	Cm__CmMahoganyH2.01G315400	Lc__Lchi03313	Vv__XP_002264212.1	1	1	1	1
OG0012449	one_gene_each_in_target_3species_from_ref7_Orthogroups	Cm__CmMahoganyH2.01G322300	Lc__Lchi07034	Vv__XP_010662843.1	1	1	1	1
OG0012451	one_gene_each_in_target_3species_from_ref7_Orthogroups	Cm__CmMahoganyH2.01G327000	Lc__Lchi20258	Vv__XP_002277066.1	1	1	1	1
OG0012452	one_gene_each_in_target_3species_from_ref7_Orthogroups	Cm__CmMahoganyH2.01G328500	Lc__Lchi15634	Vv__XP_010656613.1	1	1	1	1
OG0012453	one_gene_each_in_target_3species_from_ref7_Orthogroups	Cm__CmMahoganyH2.01G330300	Lc__Lchi03742	Vv__XP_002277519.1	1	1	1	1
OG0012455	one_gene_each_in_target_3species_from_ref7_Orthogroups	Cm__CmMahoganyH2.01G333300	Lc__Lchi03698	Vv__XP_002273237.1	1	1	1	1
OG0012457	one_gene_each_in_target_3species_from_ref7_Orthogroups	Cm__CmMahoganyH2.01G338100	Lc__Lchi03665	Vv__XP_002263171.1	1	1	1	1
OG0012458	one_gene_each_in_target_3species_from_ref7_Orthogroups	Cm__CmMahoganyH2.01G343100	Lc__Lchi03228	Vv__XP_002270551.1	1	1	1	1
OG0012460	one_gene_each_in_target_3species_from_ref7_Orthogroups	Cm__CmMahoganyH2.01G346800	Lc__Lchi05128	Vv__XP_002271128.1	1	1	1	1
OG0012462	one_gene_each_in_target_3species_from_ref7_Orthogroups	Cm__CmMahoganyH2.01G360500	Lc__Lchi18508	Vv__XP_002263809.1	1	1	1	1
OG0012464	one_gene_each_in_target_3species_from_ref7_Orthogroups	Cm__CmMahoganyH2.01G369400	Lc__Lchi01977	Vv__XP_002269518.2	1	1	1	1
OG0012470	one_gene_each_in_target_3species_from_ref7_Orthogroups	Cm__CmMahoganyH2.02G006900	Lc__Lchi16793	Vv__XP_010649942.1	1	1	1	1
OG0012471	one_gene_each_in_target_3species_from_ref7_Orthogroups	Cm__CmMahoganyH2.02G015500	Lc__Lchi03895	Vv__XP_002282361.1	1	1	1	1
OG0012472	one_gene_each_in_target_3species_from_ref7_Orthogroups	Cm__CmMahoganyH2.02G016400	Lc__Lchi12036	Vv__XP_002282170.1	1	1	1	1
OG0012473	one_gene_each_in_target_3species_from_ref7_Orthogroups	Cm__CmMahoganyH2.02G023900	Lc__Lchi19724	Vv__NP_001268077.1	1	1	1	1
OG0012474	one_gene_each_in_target_3species_from_ref7_Orthogroups	Cm__CmMahoganyH2.02G026300	Lc__Lchi19855	Vv__XP_002277614.1	1	1	1	1
OG0012475	one_gene_each_in_target_3species_from_ref7_Orthogroups	Cm__CmMahoganyH2.02G026400	Lc__Lchi19846	Vv__XP_002280269.1	1	1	1	1
OG0012476	one_gene_each_in_target_3species_from_ref7_Orthogroups	Cm__CmMahoganyH2.02G026800	Lc__Lchi15505	Vv__XP_002272283.1	1	1	1	1
OG0012478	one_gene_each_in_target_3species_from_ref7_Orthogroups	Cm__CmMahoganyH2.02G030000	Lc__Lchi07871	Vv__XP_002277396.2	1	1	1	1
OG0012479	one_gene_each_in_target_3species_from_ref7_Orthogroups	Cm__CmMahoganyH2.02G030300	Lc__Lchi16657	Vv__XP_010649846.1	1	1	1	1
OG0012480	one_gene_each_in_target_3species_from_ref7_Orthogroups	Cm__CmMahoganyH2.02G033600	Lc__Lchi14512	Vv__XP_002277039.1	1	1	1	1
OG0012481	one_gene_each_in_target_3species_from_ref7_Orthogroups	Cm__CmMahoganyH2.02G037600	Lc__Lchi00474	Vv__XP_002276628.1	1	1	1	1
OG0012482	one_gene_each_in_target_3species_from_ref7_Orthogroups	Cm__CmMahoganyH2.02G038400	Lc__Lchi04456	Vv__XP_002275787.1	1	1	1	1
OG0012484	one_gene_each_in_target_3species_from_ref7_Orthogroups	Cm__CmMahoganyH2.02G047300	Lc__Lchi13887	Vv__XP_002262991.2	1	1	1	1
OG0012490	one_gene_each_in_target_3species_from_ref7_Orthogroups	Cm__CmMahoganyH2.02G058300	Lc__Lchi00216	Vv__XP_002276956.1	1	1	1	1
OG0012492	one_gene_each_in_target_3species_from_ref7_Orthogroups	Cm__CmMahoganyH2.02G062900	Lc__Lchi00152	Vv__XP_002279647.1	1	1	1	1
OG0012494	one_gene_each_in_target_3species_from_ref7_Orthogroups	Cm__CmMahoganyH2.02G066400	Lc__Lchi06344	Vv__XP_002262955.1	1	1	1	1
OG0012500	one_gene_each_in_target_3species_from_ref7_Orthogroups	Cm__CmMahoganyH2.02G081000	Lc__Lchi24187	Vv__XP_002284752.1	1	1	1	1
OG0012502	one_gene_each_in_target_3species_from_ref7_Orthogroups	Cm__CmMahoganyH2.02G087900	Lc__Lchi21696	Vv__XP_010650116.1	1	1	1	1
OG0012503	one_gene_each_in_target_3species_from_ref7_Orthogroups	Cm__CmMahoganyH2.02G091400	Lc__Lchi12685	Vv__XP_002285452.1	1	1	1	1
OG0012506	one_gene_each_in_target_3species_from_ref7_Orthogroups	Cm__CmMahoganyH2.02G097300	Lc__Lchi08261	Vv__XP_002265849.1	1	1	1	1
OG0012507	one_gene_each_in_target_3species_from_ref7_Orthogroups	Cm__CmMahoganyH2.02G097500	Lc__Lchi29543	Vv__XP_002285610.1	1	1	1	1
OG0012508	one_gene_each_in_target_3species_from_ref7_Orthogroups	Cm__CmMahoganyH2.02G098200	Lc__Lchi20092	Vv__XP_002285620.1	1	1	1	1
OG0012509	one_gene_each_in_target_3species_from_ref7_Orthogroups	Cm__CmMahoganyH2.02G101600	Lc__Lchi08289	Vv__XP_002267189.2	1	1	1	1
OG0012513	one_gene_each_in_target_3species_from_ref7_Orthogroups	Cm__CmMahoganyH2.02G114200	Lc__Lchi26151	Vv__XP_002282176.1	1	1	1	1
OG0012516	one_gene_each_in_target_3species_from_ref7_Orthogroups	Cm__CmMahoganyH2.02G120900	Lc__Lchi14015	Vv__XP_019076612.1	1	1	1	1
OG0012517	one_gene_each_in_target_3species_from_ref7_Orthogroups	Cm__CmMahoganyH2.02G122600	Lc__Lchi02983	Vv__XP_002280295.1	1	1	1	1
OG0012518	one_gene_each_in_target_3species_from_ref7_Orthogroups	Cm__CmMahoganyH2.02G127700	Lc__Lchi18460	Vv__XP_002269841.1	1	1	1	1
OG0012521	one_gene_each_in_target_3species_from_ref7_Orthogroups	Cm__CmMahoganyH2.02G143300	Lc__Lchi18260	Vv__NP_001290013.1	1	1	1	1
OG0012526	one_gene_each_in_target_3species_from_ref7_Orthogroups	Cm__CmMahoganyH2.02G153900	Lc__Lchi08098	Vv__XP_002284222.1	1	1	1	1
OG0012527	one_gene_each_in_target_3species_from_ref7_Orthogroups	Cm__CmMahoganyH2.02G161400	Lc__Lchi16963	Vv__XP_002282885.1	1	1	1	1
OG0012528	one_gene_each_in_target_3species_from_ref7_Orthogroups	Cm__CmMahoganyH2.02G161900	Lc__Lchi28037	Vv__XP_010652806.1	1	1	1	1
OG0012534	one_gene_each_in_target_3species_from_ref7_Orthogroups	Cm__CmMahoganyH2.02G171400	Lc__Lchi09005	Vv__XP_003635085.1	1	1	1	1
OG0012536	one_gene_each_in_target_3species_from_ref7_Orthogroups	Cm__CmMahoganyH2.02G180300	Lc__Lchi33577	Vv__XP_010649139.1	1	1	1	1
OG0012539	one_gene_each_in_target_3species_from_ref7_Orthogroups	Cm__CmMahoganyH2.02G188300	Lc__Lchi09679	Vv__XP_019074071.1	1	1	1	1
OG0012542	one_gene_each_in_target_3species_from_ref7_Orthogroups	Cm__CmMahoganyH2.02G195400	Lc__Lchi09774	Vv__XP_002268717.2	1	1	1	1
OG0012543	one_gene_each_in_target_3species_from_ref7_Orthogroups	Cm__CmMahoganyH2.02G201700	Lc__Lchi14056	Vv__XP_010652841.1	1	1	1	1
OG0012545	one_gene_each_in_target_3species_from_ref7_Orthogroups	Cm__CmMahoganyH2.02G208300	Lc__Lchi04367	Vv__XP_002282764.2	1	1	1	1
OG0012546	one_gene_each_in_target_3species_from_ref7_Orthogroups	Cm__CmMahoganyH2.02G209200	Lc__Lchi11206	Vv__XP_019074015.1	1	1	1	1
OG0012548	one_gene_each_in_target_3species_from_ref7_Orthogroups	Cm__CmMahoganyH2.02G212100	Lc__Lchi23595	Vv__XP_002278598.1	1	1	1	1
OG0012550	one_gene_each_in_target_3species_from_ref7_Orthogroups	Cm__CmMahoganyH2.03G007800	Lc__Lchi00076	Vv__XP_010659746.1	1	1	1	1
OG0012551	one_gene_each_in_target_3species_from_ref7_Orthogroups	Cm__CmMahoganyH2.03G015600	Lc__Lchi06461	Vv__XP_002278016.3	1	1	1	1
OG0012552	one_gene_each_in_target_3species_from_ref7_Orthogroups	Cm__CmMahoganyH2.03G020500	Lc__Lchi00141	Vv__XP_002281646.1	1	1	1	1
OG0012553	one_gene_each_in_target_3species_from_ref7_Orthogroups	Cm__CmMahoganyH2.03G021600	Lc__Lchi06373	Vv__XP_002281448.2	1	1	1	1
OG0012554	one_gene_each_in_target_3species_from_ref7_Orthogroups	Cm__CmMahoganyH2.03G025900	Lc__Lchi20764	Vv__XP_002278296.1	1	1	1	1
OG0012555	one_gene_each_in_target_3species_from_ref7_Orthogroups	Cm__CmMahoganyH2.03G037000	Lc__Lchi00397	Vv__XP_002279749.2	1	1	1	1
OG0012556	one_gene_each_in_target_3species_from_ref7_Orthogroups	Cm__CmMahoganyH2.03G039500	Lc__Lchi12054	Vv__XP_002284549.1	1	1	1	1
OG0012559	one_gene_each_in_target_3species_from_ref7_Orthogroups	Cm__CmMahoganyH2.03G046200	Lc__Lchi22841	Vv__XP_002284939.1	1	1	1	1
OG0012563	one_gene_each_in_target_3species_from_ref7_Orthogroups	Cm__CmMahoganyH2.03G072700	Lc__Lchi10789	Vv__XP_002269450.1	1	1	1	1
OG0012564	one_gene_each_in_target_3species_from_ref7_Orthogroups	Cm__CmMahoganyH2.03G075800	Lc__Lchi17236	Vv__XP_010660117.1	1	1	1	1
OG0012571	one_gene_each_in_target_3species_from_ref7_Orthogroups	Cm__CmMahoganyH2.03G100600	Lc__Lchi12511	Vv__XP_002271878.2	1	1	1	1
OG0012572	one_gene_each_in_target_3species_from_ref7_Orthogroups	Cm__CmMahoganyH2.03G101200	Lc__Lchi12523	Vv__XP_010654554.1	1	1	1	1
OG0012573	one_gene_each_in_target_3species_from_ref7_Orthogroups	Cm__CmMahoganyH2.03G107400	Lc__Lchi11769	Vv__XP_002275396.1	1	1	1	1
OG0012575	one_gene_each_in_target_3species_from_ref7_Orthogroups	Cm__CmMahoganyH2.03G109000	Lc__Lchi12229	Vv__XP_002271276.1	1	1	1	1
OG0012577	one_gene_each_in_target_3species_from_ref7_Orthogroups	Cm__CmMahoganyH2.03G113600	Lc__Lchi02372	Vv__XP_002270985.1	1	1	1	1
OG0012578	one_gene_each_in_target_3species_from_ref7_Orthogroups	Cm__CmMahoganyH2.03G114800	Lc__Lchi16429	Vv__XP_010657252.1	1	1	1	1
OG0012580	one_gene_each_in_target_3species_from_ref7_Orthogroups	Cm__CmMahoganyH2.03G117900	Lc__Lchi02477	Vv__XP_002265340.1	1	1	1	1
OG0012581	one_gene_each_in_target_3species_from_ref7_Orthogroups	Cm__CmMahoganyH2.03G119300	Lc__Lchi02483	Vv__XP_002266409.2	1	1	1	1
OG0012582	one_gene_each_in_target_3species_from_ref7_Orthogroups	Cm__CmMahoganyH2.03G121500	Lc__Lchi22537	Vv__XP_002276787.1	1	1	1	1
OG0012583	one_gene_each_in_target_3species_from_ref7_Orthogroups	Cm__CmMahoganyH2.03G122100	Lc__Lchi22556	Vv__XP_010655984.1	1	1	1	1
OG0012585	one_gene_each_in_target_3species_from_ref7_Orthogroups	Cm__CmMahoganyH2.03G126700	Lc__Lchi08030	Vv__XP_010655451.1	1	1	1	1
OG0012588	one_gene_each_in_target_3species_from_ref7_Orthogroups	Cm__CmMahoganyH2.03G142900	Lc__Lchi10089	Vv__XP_002272662.1	1	1	1	1
OG0012590	one_gene_each_in_target_3species_from_ref7_Orthogroups	Cm__CmMahoganyH2.03G144300	Lc__Lchi11394	Vv__XP_010646484.1	1	1	1	1
OG0012592	one_gene_each_in_target_3species_from_ref7_Orthogroups	Cm__CmMahoganyH2.03G156300	Lc__Lchi23684	Vv__XP_002266222.1	1	1	1	1
OG0012593	one_gene_each_in_target_3species_from_ref7_Orthogroups	Cm__CmMahoganyH2.03G157300	Lc__Lchi23712	Vv__XP_010653065.1	1	1	1	1
OG0012594	one_gene_each_in_target_3species_from_ref7_Orthogroups	Cm__CmMahoganyH2.03G166700	Lc__Lchi25982	Vv__XP_003631283.1	1	1	1	1
OG0012595	one_gene_each_in_target_3species_from_ref7_Orthogroups	Cm__CmMahoganyH2.03G170900	Lc__Lchi22868	Vv__XP_010657804.1	1	1	1	1
OG0012596	one_gene_each_in_target_3species_from_ref7_Orthogroups	Cm__CmMahoganyH2.03G177100	Lc__Lchi02880	Vv__XP_010651872.1	1	1	1	1
OG0012597	one_gene_each_in_target_3species_from_ref7_Orthogroups	Cm__CmMahoganyH2.03G177400	Lc__Lchi14349	Vv__XP_010655344.2	1	1	1	1
OG0012602	one_gene_each_in_target_3species_from_ref7_Orthogroups	Cm__CmMahoganyH2.03G190400	Lc__Lchi12658	Vv__XP_002274321.2	1	1	1	1
OG0012604	one_gene_each_in_target_3species_from_ref7_Orthogroups	Cm__CmMahoganyH2.03G194400	Lc__Lchi14678	Vv__XP_002265598.1	1	1	1	1
OG0012605	one_gene_each_in_target_3species_from_ref7_Orthogroups	Cm__CmMahoganyH2.04G000600	Lc__Lchi11756	Vv__XP_002280840.1	1	1	1	1
OG0012606	one_gene_each_in_target_3species_from_ref7_Orthogroups	Cm__CmMahoganyH2.04G000700	Lc__Lchi26038	Vv__XP_002272730.1	1	1	1	1
OG0012608	one_gene_each_in_target_3species_from_ref7_Orthogroups	Cm__CmMahoganyH2.04G013700	Lc__Lchi14750	Vv__XP_002278183.2	1	1	1	1
OG0012609	one_gene_each_in_target_3species_from_ref7_Orthogroups	Cm__CmMahoganyH2.04G022300	Lc__Lchi16057	Vv__XP_002274062.2	1	1	1	1
OG0012613	one_gene_each_in_target_3species_from_ref7_Orthogroups	Cm__CmMahoganyH2.04G032900	Lc__Lchi16137	Vv__XP_002264387.1	1	1	1	1
OG0012614	one_gene_each_in_target_3species_from_ref7_Orthogroups	Cm__CmMahoganyH2.04G033000	Lc__Lchi17347	Vv__XP_010657283.1	1	1	1	1
OG0012615	one_gene_each_in_target_3species_from_ref7_Orthogroups	Cm__CmMahoganyH2.04G033800	Lc__Lchi16139	Vv__XP_002264306.1	1	1	1	1
OG0012617	one_gene_each_in_target_3species_from_ref7_Orthogroups	Cm__CmMahoganyH2.04G035400	Lc__Lchi27670	Vv__XP_002263044.1	1	1	1	1
OG0012620	one_gene_each_in_target_3species_from_ref7_Orthogroups	Cm__CmMahoganyH2.04G042900	Lc__Lchi01782	Vv__XP_002274138.2	1	1	1	1
OG0012621	one_gene_each_in_target_3species_from_ref7_Orthogroups	Cm__CmMahoganyH2.04G043300	Lc__Lchi01779	Vv__XP_002262727.1	1	1	1	1
OG0012623	one_gene_each_in_target_3species_from_ref7_Orthogroups	Cm__CmMahoganyH2.04G055300	Lc__Lchi06641	Vv__XP_010653032.1	1	1	1	1
OG0012625	one_gene_each_in_target_3species_from_ref7_Orthogroups	Cm__CmMahoganyH2.04G060400	Lc__Lchi01647	Vv__XP_002267329.1	1	1	1	1
OG0012626	one_gene_each_in_target_3species_from_ref7_Orthogroups	Cm__CmMahoganyH2.04G062400	Lc__Lchi10176	Vv__XP_002263858.1	1	1	1	1
OG0012627	one_gene_each_in_target_3species_from_ref7_Orthogroups	Cm__CmMahoganyH2.04G065700	Lc__Lchi19716	Vv__XP_002271255.1	1	1	1	1
OG0012629	one_gene_each_in_target_3species_from_ref7_Orthogroups	Cm__CmMahoganyH2.04G070700	Lc__Lchi16378	Vv__XP_002278278.1	1	1	1	1
OG0012630	one_gene_each_in_target_3species_from_ref7_Orthogroups	Cm__CmMahoganyH2.04G070900	Lc__Lchi16379	Vv__XP_003634204.1	1	1	1	1
OG0012632	one_gene_each_in_target_3species_from_ref7_Orthogroups	Cm__CmMahoganyH2.04G073800	Lc__Lchi20624	Vv__XP_002277812.1	1	1	1	1
OG0012633	one_gene_each_in_target_3species_from_ref7_Orthogroups	Cm__CmMahoganyH2.04G074800	Lc__Lchi16206	Vv__XP_002280234.1	1	1	1	1
OG0012635	one_gene_each_in_target_3species_from_ref7_Orthogroups	Cm__CmMahoganyH2.04G080700	Lc__Lchi24105	Vv__XP_002276428.1	1	1	1	1
OG0012637	one_gene_each_in_target_3species_from_ref7_Orthogroups	Cm__CmMahoganyH2.04G085800	Lc__Lchi14421	Vv__XP_002273001.3	1	1	1	1
OG0012638	one_gene_each_in_target_3species_from_ref7_Orthogroups	Cm__CmMahoganyH2.04G088300	Lc__Lchi29573	Vv__XP_019081976.1	1	1	1	1
OG0012643	one_gene_each_in_target_3species_from_ref7_Orthogroups	Cm__CmMahoganyH2.04G107800	Lc__Lchi14337	Vv__XP_002284856.1	1	1	1	1
OG0012644	one_gene_each_in_target_3species_from_ref7_Orthogroups	Cm__CmMahoganyH2.04G114500	Lc__Lchi14384	Vv__XP_002282612.1	1	1	1	1
OG0012649	one_gene_each_in_target_3species_from_ref7_Orthogroups	Cm__CmMahoganyH2.04G143000	Lc__Lchi10308	Vv__XP_002276849.2	1	1	1	1
OG0012650	one_gene_each_in_target_3species_from_ref7_Orthogroups	Cm__CmMahoganyH2.04G146400	Lc__Lchi25555	Vv__XP_002278792.2	1	1	1	1
OG0012651	one_gene_each_in_target_3species_from_ref7_Orthogroups	Cm__CmMahoganyH2.04G150500	Lc__Lchi10261	Vv__XP_002276501.1	1	1	1	1
OG0012653	one_gene_each_in_target_3species_from_ref7_Orthogroups	Cm__CmMahoganyH2.04G157500	Lc__Lchi02606	Vv__XP_002279916.1	1	1	1	1
OG0012655	one_gene_each_in_target_3species_from_ref7_Orthogroups	Cm__CmMahoganyH2.04G162600	Lc__Lchi02505	Vv__XP_002280221.1	1	1	1	1
OG0012661	one_gene_each_in_target_3species_from_ref7_Orthogroups	Cm__CmMahoganyH2.05G015600	Lc__Lchi02745	Vv__XP_002274016.1	1	1	1	1
OG0012665	one_gene_each_in_target_3species_from_ref7_Orthogroups	Cm__CmMahoganyH2.05G026700	Lc__Lchi15500	Vv__XP_002272694.1	1	1	1	1
OG0012666	one_gene_each_in_target_3species_from_ref7_Orthogroups	Cm__CmMahoganyH2.05G028600	Lc__Lchi00793	Vv__XP_010654541.1	1	1	1	1
OG0012669	one_gene_each_in_target_3species_from_ref7_Orthogroups	Cm__CmMahoganyH2.05G043100	Lc__Lchi00911	Vv__XP_010654620.1	1	1	1	1
OG0012670	one_gene_each_in_target_3species_from_ref7_Orthogroups	Cm__CmMahoganyH2.05G045000	Lc__Lchi07503	Vv__XP_002267500.1	1	1	1	1
OG0012671	one_gene_each_in_target_3species_from_ref7_Orthogroups	Cm__CmMahoganyH2.05G055700	Lc__Lchi08821	Vv__XP_010654675.1	1	1	1	1
OG0012673	one_gene_each_in_target_3species_from_ref7_Orthogroups	Cm__CmMahoganyH2.05G059500	Lc__Lchi33394	Vv__XP_019077955.1	1	1	1	1
OG0012676	one_gene_each_in_target_3species_from_ref7_Orthogroups	Cm__CmMahoganyH2.05G081300	Lc__Lchi19344	Vv__XP_002270799.3	1	1	1	1
OG0012677	one_gene_each_in_target_3species_from_ref7_Orthogroups	Cm__CmMahoganyH2.05G082300	Lc__Lchi17339	Vv__XP_010646777.1	1	1	1	1
OG0012678	one_gene_each_in_target_3species_from_ref7_Orthogroups	Cm__CmMahoganyH2.05G083900	Lc__Lchi03695	Vv__XP_002272047.2	1	1	1	1
OG0012679	one_gene_each_in_target_3species_from_ref7_Orthogroups	Cm__CmMahoganyH2.05G086000	Lc__Lchi19316	Vv__XP_003635420.1	1	1	1	1
OG0012680	one_gene_each_in_target_3species_from_ref7_Orthogroups	Cm__CmMahoganyH2.05G086900	Lc__Lchi19309	Vv__XP_010655426.1	1	1	1	1
OG0012686	one_gene_each_in_target_3species_from_ref7_Orthogroups	Cm__CmMahoganyH2.05G123000	Lc__Lchi06988	Vv__XP_002276135.1	1	1	1	1
OG0012687	one_gene_each_in_target_3species_from_ref7_Orthogroups	Cm__CmMahoganyH2.05G124200	Lc__Lchi09117	Vv__XP_002276613.1	1	1	1	1
OG0012690	one_gene_each_in_target_3species_from_ref7_Orthogroups	Cm__CmMahoganyH2.05G129300	Lc__Lchi18890	Vv__XP_002267244.1	1	1	1	1
OG0012691	one_gene_each_in_target_3species_from_ref7_Orthogroups	Cm__CmMahoganyH2.05G132400	Lc__Lchi27851	Vv__XP_002267109.1	1	1	1	1
OG0012692	one_gene_each_in_target_3species_from_ref7_Orthogroups	Cm__CmMahoganyH2.05G133800	Lc__Lchi30204	Vv__XP_002280687.1	1	1	1	1
OG0012693	one_gene_each_in_target_3species_from_ref7_Orthogroups	Cm__CmMahoganyH2.05G135600	Lc__Lchi11130	Vv__XP_002281594.1	1	1	1	1
OG0012694	one_gene_each_in_target_3species_from_ref7_Orthogroups	Cm__CmMahoganyH2.05G137500	Lc__Lchi15447	Vv__XP_002263658.2	1	1	1	1
OG0012698	one_gene_each_in_target_3species_from_ref7_Orthogroups	Cm__CmMahoganyH2.05G146100	Lc__Lchi27270	Vv__XP_010655787.1	1	1	1	1
OG0012700	one_gene_each_in_target_3species_from_ref7_Orthogroups	Cm__CmMahoganyH2.05G152300	Lc__Lchi14602	Vv__XP_002265269.2	1	1	1	1
OG0012704	one_gene_each_in_target_3species_from_ref7_Orthogroups	Cm__CmMahoganyH2.05G180400	Lc__Lchi21881	Vv__XP_002267126.1	1	1	1	1
OG0012705	one_gene_each_in_target_3species_from_ref7_Orthogroups	Cm__CmMahoganyH2.05G182000	Lc__Lchi12921	Vv__XP_002268248.1	1	1	1	1
OG0012712	one_gene_each_in_target_3species_from_ref7_Orthogroups	Cm__CmMahoganyH2.06G000300	Lc__Lchi19052	Vv__XP_002267156.1	1	1	1	1
OG0012713	one_gene_each_in_target_3species_from_ref7_Orthogroups	Cm__CmMahoganyH2.06G001700	Lc__Lchi19038	Vv__XP_002264233.2	1	1	1	1
OG0012714	one_gene_each_in_target_3species_from_ref7_Orthogroups	Cm__CmMahoganyH2.06G021200	Lc__Lchi12399	Vv__XP_002265045.1	1	1	1	1
OG0012716	one_gene_each_in_target_3species_from_ref7_Orthogroups	Cm__CmMahoganyH2.06G025800	Lc__Lchi07151	Vv__XP_002274964.1	1	1	1	1
OG0012720	one_gene_each_in_target_3species_from_ref7_Orthogroups	Cm__CmMahoganyH2.06G033500	Lc__Lchi09247	Vv__XP_003634715.1	1	1	1	1
OG0012721	one_gene_each_in_target_3species_from_ref7_Orthogroups	Cm__CmMahoganyH2.06G038500	Lc__Lchi23015	Vv__XP_002279971.1	1	1	1	1
OG0012722	one_gene_each_in_target_3species_from_ref7_Orthogroups	Cm__CmMahoganyH2.06G043100	Lc__Lchi12963	Vv__XP_002281441.1	1	1	1	1
OG0012727	one_gene_each_in_target_3species_from_ref7_Orthogroups	Cm__CmMahoganyH2.06G054000	Lc__Lchi25777	Vv__XP_002281410.1	1	1	1	1
OG0012728	one_gene_each_in_target_3species_from_ref7_Orthogroups	Cm__CmMahoganyH2.06G056100	Lc__Lchi17371	Vv__XP_002284509.1	1	1	1	1
OG0012729	one_gene_each_in_target_3species_from_ref7_Orthogroups	Cm__CmMahoganyH2.06G057400	Lc__Lchi05193	Vv__XP_002267174.1	1	1	1	1
OG0012730	one_gene_each_in_target_3species_from_ref7_Orthogroups	Cm__CmMahoganyH2.06G059700	Lc__Lchi13422	Vv__XP_002284643.3	1	1	1	1
OG0012731	one_gene_each_in_target_3species_from_ref7_Orthogroups	Cm__CmMahoganyH2.06G061800	Lc__Lchi06209	Vv__XP_002270029.1	1	1	1	1
OG0012732	one_gene_each_in_target_3species_from_ref7_Orthogroups	Cm__CmMahoganyH2.06G068100	Lc__Lchi18021	Vv__XP_002285056.1	1	1	1	1
OG0012733	one_gene_each_in_target_3species_from_ref7_Orthogroups	Cm__CmMahoganyH2.06G068500	Lc__Lchi18206	Vv__XP_002285093.1	1	1	1	1
OG0012737	one_gene_each_in_target_3species_from_ref7_Orthogroups	Cm__CmMahoganyH2.06G071400	Lc__Lchi09893	Vv__XP_002282834.1	1	1	1	1
OG0012739	one_gene_each_in_target_3species_from_ref7_Orthogroups	Cm__CmMahoganyH2.06G073500	Lc__Lchi08494	Vv__XP_002285254.1	1	1	1	1
OG0012740	one_gene_each_in_target_3species_from_ref7_Orthogroups	Cm__CmMahoganyH2.06G074000	Lc__Lchi08491	Vv__XP_002282870.1	1	1	1	1
OG0012741	one_gene_each_in_target_3species_from_ref7_Orthogroups	Cm__CmMahoganyH2.06G077800	Lc__Lchi11638	Vv__XP_002283120.2	1	1	1	1
OG0012742	one_gene_each_in_target_3species_from_ref7_Orthogroups	Cm__CmMahoganyH2.06G083400	Lc__Lchi07163	Vv__XP_002272703.1	1	1	1	1
OG0012744	one_gene_each_in_target_3species_from_ref7_Orthogroups	Cm__CmMahoganyH2.06G085300	Lc__Lchi07134	Vv__XP_010657194.1	1	1	1	1
OG0012746	one_gene_each_in_target_3species_from_ref7_Orthogroups	Cm__CmMahoganyH2.06G090700	Lc__Lchi01176	Vv__XP_002271026.1	1	1	1	1
OG0012747	one_gene_each_in_target_3species_from_ref7_Orthogroups	Cm__CmMahoganyH2.06G090900	Lc__Lchi10850	Vv__XP_002273465.1	1	1	1	1
OG0012748	one_gene_each_in_target_3species_from_ref7_Orthogroups	Cm__CmMahoganyH2.06G091400	Lc__Lchi29960	Vv__XP_002273297.1	1	1	1	1
OG0012750	one_gene_each_in_target_3species_from_ref7_Orthogroups	Cm__CmMahoganyH2.06G098000	Lc__Lchi12927	Vv__XP_002273999.2	1	1	1	1
OG0012752	one_gene_each_in_target_3species_from_ref7_Orthogroups	Cm__CmMahoganyH2.06G118200	Lc__Lchi08512	Vv__XP_002277888.1	1	1	1	1
OG0012753	one_gene_each_in_target_3species_from_ref7_Orthogroups	Cm__CmMahoganyH2.06G126900	Lc__Lchi01697	Vv__XP_002262834.2	1	1	1	1
OG0012754	one_gene_each_in_target_3species_from_ref7_Orthogroups	Cm__CmMahoganyH2.06G127400	Lc__Lchi07277	Vv__XP_002266989.1	1	1	1	1
OG0012755	one_gene_each_in_target_3species_from_ref7_Orthogroups	Cm__CmMahoganyH2.06G127700	Lc__Lchi07279	Vv__XP_002267177.1	1	1	1	1
OG0012756	one_gene_each_in_target_3species_from_ref7_Orthogroups	Cm__CmMahoganyH2.06G128200	Lc__Lchi07299	Vv__XP_002270952.1	1	1	1	1
OG0012757	one_gene_each_in_target_3species_from_ref7_Orthogroups	Cm__CmMahoganyH2.06G130400	Lc__Lchi07717	Vv__XP_002280158.1	1	1	1	1
OG0012758	one_gene_each_in_target_3species_from_ref7_Orthogroups	Cm__CmMahoganyH2.06G131100	Lc__Lchi07387	Vv__XP_002279538.1	1	1	1	1
OG0012762	one_gene_each_in_target_3species_from_ref7_Orthogroups	Cm__CmMahoganyH2.06G147500	Lc__Lchi04324	Vv__XP_019080117.1	1	1	1	1
OG0012764	one_gene_each_in_target_3species_from_ref7_Orthogroups	Cm__CmMahoganyH2.06G160300	Lc__Lchi22872	Vv__XP_002283725.1	1	1	1	1
OG0012766	one_gene_each_in_target_3species_from_ref7_Orthogroups	Cm__CmMahoganyH2.06G163300	Lc__Lchi18957	Vv__XP_002278627.2	1	1	1	1
OG0012767	one_gene_each_in_target_3species_from_ref7_Orthogroups	Cm__CmMahoganyH2.06G164000	Lc__Lchi24338	Vv__XP_002283841.1	1	1	1	1
OG0012768	one_gene_each_in_target_3species_from_ref7_Orthogroups	Cm__CmMahoganyH2.06G165100	Lc__Lchi21737	Vv__XP_002279262.1	1	1	1	1
OG0012769	one_gene_each_in_target_3species_from_ref7_Orthogroups	Cm__CmMahoganyH2.06G173200	Lc__Lchi26213	Vv__XP_002275667.3	1	1	1	1
OG0012770	one_gene_each_in_target_3species_from_ref7_Orthogroups	Cm__CmMahoganyH2.06G174500	Lc__Lchi26222	Vv__XP_002281167.1	1	1	1	1
OG0012775	one_gene_each_in_target_3species_from_ref7_Orthogroups	Cm__CmMahoganyH2.06G187700	Lc__Lchi17266	Vv__XP_002269222.1	1	1	1	1
OG0012778	one_gene_each_in_target_3species_from_ref7_Orthogroups	Cm__CmMahoganyH2.06G200700	Lc__Lchi13081	Vv__XP_010661598.1	1	1	1	1
OG0012780	one_gene_each_in_target_3species_from_ref7_Orthogroups	Cm__CmMahoganyH2.06G204000	Lc__Lchi11953	Vv__XP_002274443.1	1	1	1	1
OG0012784	one_gene_each_in_target_3species_from_ref7_Orthogroups	Cm__CmMahoganyH2.06G215800	Lc__Lchi14217	Vv__XP_002270273.1	1	1	1	1
OG0012786	one_gene_each_in_target_3species_from_ref7_Orthogroups	Cm__CmMahoganyH2.06G224800	Lc__Lchi05000	Vv__XP_002265908.1	1	1	1	1
OG0012788	one_gene_each_in_target_3species_from_ref7_Orthogroups	Cm__CmMahoganyH2.06G229800	Lc__Lchi09129	Vv__XP_002283386.1	1	1	1	1
OG0012789	one_gene_each_in_target_3species_from_ref7_Orthogroups	Cm__CmMahoganyH2.06G235100	Lc__Lchi18024	Vv__XP_002279871.1	1	1	1	1
OG0012796	one_gene_each_in_target_3species_from_ref7_Orthogroups	Cm__CmMahoganyH2.07G016700	Lc__Lchi02617	Vv__XP_002277240.1	1	1	1	1
OG0012797	one_gene_each_in_target_3species_from_ref7_Orthogroups	Cm__CmMahoganyH2.07G018600	Lc__Lchi14417	Vv__XP_002272414.3	1	1	1	1
OG0012800	one_gene_each_in_target_3species_from_ref7_Orthogroups	Cm__CmMahoganyH2.07G025200	Lc__Lchi11515	Vv__XP_010656063.1	1	1	1	1
OG0012806	one_gene_each_in_target_3species_from_ref7_Orthogroups	Cm__CmMahoganyH2.07G048200	Lc__Lchi24717	Vv__XP_002276440.3	1	1	1	1
OG0012808	one_gene_each_in_target_3species_from_ref7_Orthogroups	Cm__CmMahoganyH2.07G054500	Lc__Lchi02184	Vv__XP_002271347.1	1	1	1	1
OG0012810	one_gene_each_in_target_3species_from_ref7_Orthogroups	Cm__CmMahoganyH2.07G058000	Lc__Lchi14033	Vv__XP_002266648.2	1	1	1	1
OG0012812	one_gene_each_in_target_3species_from_ref7_Orthogroups	Cm__CmMahoganyH2.07G072900	Lc__Lchi13021	Vv__XP_002268313.1	1	1	1	1
OG0012813	one_gene_each_in_target_3species_from_ref7_Orthogroups	Cm__CmMahoganyH2.07G087000	Lc__Lchi13892	Vv__XP_002267727.1	1	1	1	1
OG0012814	one_gene_each_in_target_3species_from_ref7_Orthogroups	Cm__CmMahoganyH2.07G090000	Lc__Lchi30889	Vv__XP_002271696.1	1	1	1	1
OG0012816	one_gene_each_in_target_3species_from_ref7_Orthogroups	Cm__CmMahoganyH2.07G093200	Lc__Lchi15946	Vv__XP_019074684.1	1	1	1	1
OG0012817	one_gene_each_in_target_3species_from_ref7_Orthogroups	Cm__CmMahoganyH2.07G108400	Lc__Lchi08968	Vv__XP_002284886.1	1	1	1	1
OG0012818	one_gene_each_in_target_3species_from_ref7_Orthogroups	Cm__CmMahoganyH2.07G111200	Lc__Lchi13981	Vv__XP_002284741.1	1	1	1	1
OG0012819	one_gene_each_in_target_3species_from_ref7_Orthogroups	Cm__CmMahoganyH2.07G113900	Lc__Lchi23627	Vv__XP_002281086.1	1	1	1	1
OG0012822	one_gene_each_in_target_3species_from_ref7_Orthogroups	Cm__CmMahoganyH2.07G122900	Lc__Lchi24274	Vv__XP_019074377.1	1	1	1	1
OG0012824	one_gene_each_in_target_3species_from_ref7_Orthogroups	Cm__CmMahoganyH2.07G126700	Lc__Lchi02747	Vv__XP_002274534.1	1	1	1	1
OG0012825	one_gene_each_in_target_3species_from_ref7_Orthogroups	Cm__CmMahoganyH2.07G130400	Lc__Lchi29168	Vv__XP_002268617.1	1	1	1	1
OG0012831	one_gene_each_in_target_3species_from_ref7_Orthogroups	Cm__CmMahoganyH2.07G155800	Lc__Lchi23597	Vv__XP_002282206.1	1	1	1	1
OG0012833	one_gene_each_in_target_3species_from_ref7_Orthogroups	Cm__CmMahoganyH2.07G164900	Lc__Lchi11284	Vv__XP_002283038.1	1	1	1	1
OG0012834	one_gene_each_in_target_3species_from_ref7_Orthogroups	Cm__CmMahoganyH2.07G168200	Lc__Lchi17958	Vv__NP_001267910.1	1	1	1	1
OG0012836	one_gene_each_in_target_3species_from_ref7_Orthogroups	Cm__CmMahoganyH2.08G005900	Lc__Lchi30801	Vv__XP_002278780.1	1	1	1	1
OG0012838	one_gene_each_in_target_3species_from_ref7_Orthogroups	Cm__CmMahoganyH2.08G010700	Lc__Lchi08777	Vv__XP_002281668.1	1	1	1	1
OG0012840	one_gene_each_in_target_3species_from_ref7_Orthogroups	Cm__CmMahoganyH2.08G014400	Lc__Lchi15692	Vv__XP_002279311.2	1	1	1	1
OG0012844	one_gene_each_in_target_3species_from_ref7_Orthogroups	Cm__CmMahoganyH2.08G033400	Lc__Lchi28612	Vv__XP_002284705.2	1	1	1	1
OG0012846	one_gene_each_in_target_3species_from_ref7_Orthogroups	Cm__CmMahoganyH2.08G037000	Lc__Lchi23410	Vv__XP_010651069.1	1	1	1	1
OG0012851	one_gene_each_in_target_3species_from_ref7_Orthogroups	Cm__CmMahoganyH2.08G051800	Lc__Lchi12843	Vv__XP_019076105.1	1	1	1	1
OG0012854	one_gene_each_in_target_3species_from_ref7_Orthogroups	Cm__CmMahoganyH2.08G070100	Lc__Lchi07395	Vv__XP_002268576.1	1	1	1	1
OG0012856	one_gene_each_in_target_3species_from_ref7_Orthogroups	Cm__CmMahoganyH2.08G077200	Lc__Lchi19390	Vv__XP_010651140.1	1	1	1	1
OG0012857	one_gene_each_in_target_3species_from_ref7_Orthogroups	Cm__CmMahoganyH2.08G080100	Lc__Lchi30881	Vv__XP_002285095.1	1	1	1	1
OG0012858	one_gene_each_in_target_3species_from_ref7_Orthogroups	Cm__CmMahoganyH2.08G080800	Lc__Lchi05370	Vv__XP_002285130.1	1	1	1	1
OG0012859	one_gene_each_in_target_3species_from_ref7_Orthogroups	Cm__CmMahoganyH2.08G081200	Lc__Lchi08142	Vv__XP_002285144.1	1	1	1	1
OG0012860	one_gene_each_in_target_3species_from_ref7_Orthogroups	Cm__CmMahoganyH2.08G081900	Lc__Lchi19008	Vv__XP_002285170.1	1	1	1	1
OG0012864	one_gene_each_in_target_3species_from_ref7_Orthogroups	Cm__CmMahoganyH2.08G102300	Lc__Lchi20371	Vv__XP_002280404.1	1	1	1	1
OG0012865	one_gene_each_in_target_3species_from_ref7_Orthogroups	Cm__CmMahoganyH2.08G103300	Lc__Lchi08084	Vv__XP_010651534.1	1	1	1	1
OG0012866	one_gene_each_in_target_3species_from_ref7_Orthogroups	Cm__CmMahoganyH2.08G105000	Lc__Lchi13087	Vv__XP_002265210.1	1	1	1	1
OG0012867	one_gene_each_in_target_3species_from_ref7_Orthogroups	Cm__CmMahoganyH2.08G111200	Lc__Lchi15477	Vv__XP_002274311.1	1	1	1	1
OG0012868	one_gene_each_in_target_3species_from_ref7_Orthogroups	Cm__CmMahoganyH2.08G111600	Lc__Lchi20532	Vv__XP_002274210.1	1	1	1	1
OG0012871	one_gene_each_in_target_3species_from_ref7_Orthogroups	Cm__CmMahoganyH2.08G115100	Lc__Lchi21837	Vv__XP_002270388.1	1	1	1	1
OG0012872	one_gene_each_in_target_3species_from_ref7_Orthogroups	Cm__CmMahoganyH2.08G116200	Lc__Lchi31435	Vv__XP_002270926.1	1	1	1	1
OG0012873	one_gene_each_in_target_3species_from_ref7_Orthogroups	Cm__CmMahoganyH2.08G118900	Lc__Lchi17428	Vv__XP_002269920.2	1	1	1	1
OG0012875	one_gene_each_in_target_3species_from_ref7_Orthogroups	Cm__CmMahoganyH2.08G131700	Lc__Lchi31267	Vv__XP_002285744.1	1	1	1	1
OG0012876	one_gene_each_in_target_3species_from_ref7_Orthogroups	Cm__CmMahoganyH2.08G137600	Lc__Lchi06245	Vv__XP_002285621.1	1	1	1	1
OG0012877	one_gene_each_in_target_3species_from_ref7_Orthogroups	Cm__CmMahoganyH2.08G138200	Lc__Lchi19167	Vv__XP_019076177.1	1	1	1	1
OG0012880	one_gene_each_in_target_3species_from_ref7_Orthogroups	Cm__CmMahoganyH2.08G143700	Lc__Lchi05721	Vv__XP_010651351.1	1	1	1	1
OG0012883	one_gene_each_in_target_3species_from_ref7_Orthogroups	Cm__CmMahoganyH2.08G157400	Lc__Lchi22408	Vv__XP_002285411.1	1	1	1	1
OG0012887	one_gene_each_in_target_3species_from_ref7_Orthogroups	Cm__CmMahoganyH2.08G175500	Lc__Lchi16332	Vv__XP_002284469.1	1	1	1	1
OG0012888	one_gene_each_in_target_3species_from_ref7_Orthogroups	Cm__CmMahoganyH2.08G180400	Lc__Lchi01549	Vv__XP_002269816.1	1	1	1	1
OG0012889	one_gene_each_in_target_3species_from_ref7_Orthogroups	Cm__CmMahoganyH2.08G181200	Lc__Lchi01558	Vv__XP_002271306.1	1	1	1	1
OG0012893	one_gene_each_in_target_3species_from_ref7_Orthogroups	Cm__CmMahoganyH2.09G025200	Lc__Lchi08184	Vv__XP_002281642.1	1	1	1	1
OG0012894	one_gene_each_in_target_3species_from_ref7_Orthogroups	Cm__CmMahoganyH2.09G027200	Lc__Lchi14460	Vv__XP_002281908.2	1	1	1	1
OG0012898	one_gene_each_in_target_3species_from_ref7_Orthogroups	Cm__CmMahoganyH2.09G032800	Lc__Lchi20421	Vv__XP_002269130.1	1	1	1	1
OG0012900	one_gene_each_in_target_3species_from_ref7_Orthogroups	Cm__CmMahoganyH2.09G041600	Lc__Lchi10420	Vv__XP_002264435.1	1	1	1	1
OG0012903	one_gene_each_in_target_3species_from_ref7_Orthogroups	Cm__CmMahoganyH2.09G045500	Lc__Lchi29930	Vv__XP_002283448.1	1	1	1	1
OG0012906	one_gene_each_in_target_3species_from_ref7_Orthogroups	Cm__CmMahoganyH2.09G055700	Lc__Lchi22467	Vv__XP_002282010.2	1	1	1	1
OG0012907	one_gene_each_in_target_3species_from_ref7_Orthogroups	Cm__CmMahoganyH2.09G061100	Lc__Lchi16829	Vv__XP_002266103.2	1	1	1	1
OG0012909	one_gene_each_in_target_3species_from_ref7_Orthogroups	Cm__CmMahoganyH2.09G064000	Lc__Lchi19174	Vv__XP_002274655.1	1	1	1	1
OG0012910	one_gene_each_in_target_3species_from_ref7_Orthogroups	Cm__CmMahoganyH2.09G067100	Lc__Lchi15884	Vv__XP_002277594.1	1	1	1	1
OG0012911	one_gene_each_in_target_3species_from_ref7_Orthogroups	Cm__CmMahoganyH2.09G067200	Lc__Lchi15883	Vv__XP_002277660.1	1	1	1	1
OG0012912	one_gene_each_in_target_3species_from_ref7_Orthogroups	Cm__CmMahoganyH2.09G073200	Lc__Lchi10633	Vv__XP_010654154.1	1	1	1	1
OG0012913	one_gene_each_in_target_3species_from_ref7_Orthogroups	Cm__CmMahoganyH2.09G076000	Lc__Lchi29903	Vv__XP_002263823.1	1	1	1	1
OG0012915	one_gene_each_in_target_3species_from_ref7_Orthogroups	Cm__CmMahoganyH2.09G079500	Lc__Lchi28174	Vv__XP_002271217.1	1	1	1	1
OG0012917	one_gene_each_in_target_3species_from_ref7_Orthogroups	Cm__CmMahoganyH2.09G090200	Lc__Lchi07783	Vv__XP_002268056.2	1	1	1	1
OG0012921	one_gene_each_in_target_3species_from_ref7_Orthogroups	Cm__CmMahoganyH2.09G106400	Lc__Lchi18297	Vv__XP_002264531.1	1	1	1	1
OG0012923	one_gene_each_in_target_3species_from_ref7_Orthogroups	Cm__CmMahoganyH2.09G120000	Lc__Lchi06226	Vv__XP_002275225.2	1	1	1	1
OG0012924	one_gene_each_in_target_3species_from_ref7_Orthogroups	Cm__CmMahoganyH2.09G121100	Lc__Lchi06840	Vv__XP_002282707.1	1	1	1	1
OG0012928	one_gene_each_in_target_3species_from_ref7_Orthogroups	Cm__CmMahoganyH2.09G127200	Lc__Lchi20228	Vv__XP_003632714.1	1	1	1	1
OG0012929	one_gene_each_in_target_3species_from_ref7_Orthogroups	Cm__CmMahoganyH2.09G128300	Lc__Lchi12029	Vv__XP_002276836.3	1	1	1	1
OG0012930	one_gene_each_in_target_3species_from_ref7_Orthogroups	Cm__CmMahoganyH2.09G128600	Lc__Lchi00646	Vv__XP_002276799.1	1	1	1	1
OG0012931	one_gene_each_in_target_3species_from_ref7_Orthogroups	Cm__CmMahoganyH2.09G132500	Lc__Lchi19924	Vv__XP_002269768.2	1	1	1	1
OG0012933	one_gene_each_in_target_3species_from_ref7_Orthogroups	Cm__CmMahoganyH2.09G145200	Lc__Lchi23896	Vv__XP_019076972.1	1	1	1	1
OG0012935	one_gene_each_in_target_3species_from_ref7_Orthogroups	Cm__CmMahoganyH2.09G150200	Lc__Lchi26515	Vv__XP_010653973.1	1	1	1	1
OG0012936	one_gene_each_in_target_3species_from_ref7_Orthogroups	Cm__CmMahoganyH2.09G152900	Lc__Lchi30543	Vv__XP_002273524.1	1	1	1	1
OG0012938	one_gene_each_in_target_3species_from_ref7_Orthogroups	Cm__CmMahoganyH2.09G158900	Lc__Lchi05209	Vv__XP_010661810.1	1	1	1	1
OG0012939	one_gene_each_in_target_3species_from_ref7_Orthogroups	Cm__CmMahoganyH2.09G173500	Lc__Lchi32968	Vv__NP_001268078.1	1	1	1	1
OG0012940	one_gene_each_in_target_3species_from_ref7_Orthogroups	Cm__CmMahoganyH2.09G174400	Lc__Lchi12073	Vv__XP_002283838.1	1	1	1	1
OG0012941	one_gene_each_in_target_3species_from_ref7_Orthogroups	Cm__CmMahoganyH2.10G001000	Lc__Lchi08352	Vv__XP_002274688.1	1	1	1	1
OG0012943	one_gene_each_in_target_3species_from_ref7_Orthogroups	Cm__CmMahoganyH2.10G002200	Lc__Lchi08363	Vv__XP_019080543.1	1	1	1	1
OG0012947	one_gene_each_in_target_3species_from_ref7_Orthogroups	Cm__CmMahoganyH2.10G019700	Lc__Lchi14673	Vv__XP_019075040.1	1	1	1	1
OG0012948	one_gene_each_in_target_3species_from_ref7_Orthogroups	Cm__CmMahoganyH2.10G020100	Lc__Lchi01223	Vv__XP_010663311.1	1	1	1	1
OG0012952	one_gene_each_in_target_3species_from_ref7_Orthogroups	Cm__CmMahoganyH2.10G026000	Lc__Lchi05942	Vv__XP_002280752.1	1	1	1	1
OG0012957	one_gene_each_in_target_3species_from_ref7_Orthogroups	Cm__CmMahoganyH2.10G031500	Lc__Lchi19226	Vv__XP_002279644.2	1	1	1	1
OG0012958	one_gene_each_in_target_3species_from_ref7_Orthogroups	Cm__CmMahoganyH2.10G032000	Lc__Lchi19229	Vv__XP_002282850.1	1	1	1	1
OG0012959	one_gene_each_in_target_3species_from_ref7_Orthogroups	Cm__CmMahoganyH2.10G035900	Lc__Lchi19268	Vv__NP_001268081.1	1	1	1	1
OG0012961	one_gene_each_in_target_3species_from_ref7_Orthogroups	Cm__CmMahoganyH2.10G037200	Lc__Lchi04205	Vv__XP_002282298.1	1	1	1	1
OG0012963	one_gene_each_in_target_3species_from_ref7_Orthogroups	Cm__CmMahoganyH2.10G038100	Lc__Lchi01399	Vv__XP_002273584.1	1	1	1	1
OG0012964	one_gene_each_in_target_3species_from_ref7_Orthogroups	Cm__CmMahoganyH2.10G042500	Lc__Lchi06051	Vv__XP_003635126.1	1	1	1	1
OG0012965	one_gene_each_in_target_3species_from_ref7_Orthogroups	Cm__CmMahoganyH2.10G043800	Lc__Lchi01475	Vv__XP_002269360.1	1	1	1	1
OG0012966	one_gene_each_in_target_3species_from_ref7_Orthogroups	Cm__CmMahoganyH2.10G044200	Lc__Lchi01478	Vv__XP_002270066.1	1	1	1	1
OG0012967	one_gene_each_in_target_3species_from_ref7_Orthogroups	Cm__CmMahoganyH2.10G044400	Lc__Lchi01481	Vv__XP_002266460.2	1	1	1	1
OG0012970	one_gene_each_in_target_3species_from_ref7_Orthogroups	Cm__CmMahoganyH2.10G049300	Lc__Lchi23486	Vv__XP_003635686.2	1	1	1	1
OG0012971	one_gene_each_in_target_3species_from_ref7_Orthogroups	Cm__CmMahoganyH2.10G050900	Lc__Lchi17555	Vv__XP_002267811.1	1	1	1	1
OG0012973	one_gene_each_in_target_3species_from_ref7_Orthogroups	Cm__CmMahoganyH2.10G053100	Lc__Lchi04863	Vv__XP_002266380.1	1	1	1	1
OG0012975	one_gene_each_in_target_3species_from_ref7_Orthogroups	Cm__CmMahoganyH2.10G058800	Lc__Lchi04936	Vv__XP_002282656.1	1	1	1	1
OG0012977	one_gene_each_in_target_3species_from_ref7_Orthogroups	Cm__CmMahoganyH2.10G066500	Lc__Lchi00136	Vv__XP_002278510.1	1	1	1	1
OG0012980	one_gene_each_in_target_3species_from_ref7_Orthogroups	Cm__CmMahoganyH2.10G075300	Lc__Lchi12039	Vv__XP_002272980.1	1	1	1	1
OG0012981	one_gene_each_in_target_3species_from_ref7_Orthogroups	Cm__CmMahoganyH2.10G075500	Lc__Lchi12045	Vv__XP_010651968.1	1	1	1	1
OG0012982	one_gene_each_in_target_3species_from_ref7_Orthogroups	Cm__CmMahoganyH2.10G075700	Lc__Lchi00625	Vv__XP_002278246.1	1	1	1	1
OG0012983	one_gene_each_in_target_3species_from_ref7_Orthogroups	Cm__CmMahoganyH2.10G077200	Lc__Lchi19755	Vv__XP_002275066.1	1	1	1	1
OG0012986	one_gene_each_in_target_3species_from_ref7_Orthogroups	Cm__CmMahoganyH2.10G078100	Lc__Lchi17302	Vv__XP_002272463.2	1	1	1	1
OG0012988	one_gene_each_in_target_3species_from_ref7_Orthogroups	Cm__CmMahoganyH2.10G085700	Lc__Lchi14526	Vv__XP_002270390.1	1	1	1	1
OG0012992	one_gene_each_in_target_3species_from_ref7_Orthogroups	Cm__CmMahoganyH2.10G098200	Lc__Lchi17477	Vv__XP_002284484.1	1	1	1	1
OG0012993	one_gene_each_in_target_3species_from_ref7_Orthogroups	Cm__CmMahoganyH2.10G100700	Lc__Lchi00991	Vv__XP_019074718.1	1	1	1	1
OG0012994	one_gene_each_in_target_3species_from_ref7_Orthogroups	Cm__CmMahoganyH2.10G101100	Lc__Lchi00984	Vv__XP_002284059.1	1	1	1	1
OG0012995	one_gene_each_in_target_3species_from_ref7_Orthogroups	Cm__CmMahoganyH2.10G101700	Lc__Lchi08873	Vv__XP_002284012.1	1	1	1	1
OG0012998	one_gene_each_in_target_3species_from_ref7_Orthogroups	Cm__CmMahoganyH2.10G106800	Lc__Lchi04565	Vv__XP_010649587.1	1	1	1	1
OG0012999	one_gene_each_in_target_3species_from_ref7_Orthogroups	Cm__CmMahoganyH2.10G108200	Lc__Lchi00315	Vv__XP_010652194.1	1	1	1	1
OG0013000	one_gene_each_in_target_3species_from_ref7_Orthogroups	Cm__CmMahoganyH2.10G108700	Lc__Lchi04590	Vv__XP_002268380.1	1	1	1	1
OG0013002	one_gene_each_in_target_3species_from_ref7_Orthogroups	Cm__CmMahoganyH2.10G113300	Lc__Lchi00345	Vv__XP_002264804.1	1	1	1	1
OG0013004	one_gene_each_in_target_3species_from_ref7_Orthogroups	Cm__CmMahoganyH2.10G118500	Lc__Lchi08683	Vv__XP_010648467.1	1	1	1	1
OG0013006	one_gene_each_in_target_3species_from_ref7_Orthogroups	Cm__CmMahoganyH2.10G125900	Lc__Lchi10759	Vv__XP_010656785.1	1	1	1	1
OG0013007	one_gene_each_in_target_3species_from_ref7_Orthogroups	Cm__CmMahoganyH2.10G126100	Lc__Lchi24158	Vv__XP_002279641.1	1	1	1	1
OG0013009	one_gene_each_in_target_3species_from_ref7_Orthogroups	Cm__CmMahoganyH2.10G140600	Lc__Lchi03011	Vv__XP_010664280.1	1	1	1	1
OG0013010	one_gene_each_in_target_3species_from_ref7_Orthogroups	Cm__CmMahoganyH2.10G141600	Lc__Lchi03030	Vv__XP_010664299.1	1	1	1	1
OG0013013	one_gene_each_in_target_3species_from_ref7_Orthogroups	Cm__CmMahoganyH2.10G167600	Lc__Lchi20006	Vv__XP_010652377.1	1	1	1	1
OG0013016	one_gene_each_in_target_3species_from_ref7_Orthogroups	Cm__CmMahoganyH2.10G180700	Lc__Lchi13354	Vv__XP_002281875.1	1	1	1	1
OG0013017	one_gene_each_in_target_3species_from_ref7_Orthogroups	Cm__CmMahoganyH2.10G181700	Lc__Lchi13365	Vv__XP_002275636.1	1	1	1	1
OG0013020	one_gene_each_in_target_3species_from_ref7_Orthogroups	Cm__CmMahoganyH2.11G008200	Lc__Lchi21265	Vv__XP_010645098.1	1	1	1	1
OG0013022	one_gene_each_in_target_3species_from_ref7_Orthogroups	Cm__CmMahoganyH2.11G031900	Lc__Lchi21053	Vv__XP_002266045.2	1	1	1	1
OG0013023	one_gene_each_in_target_3species_from_ref7_Orthogroups	Cm__CmMahoganyH2.11G034600	Lc__Lchi11176	Vv__XP_002271727.1	1	1	1	1
OG0013026	one_gene_each_in_target_3species_from_ref7_Orthogroups	Cm__CmMahoganyH2.11G053200	Lc__Lchi32173	Vv__XP_002273201.1	1	1	1	1
OG0013029	one_gene_each_in_target_3species_from_ref7_Orthogroups	Cm__CmMahoganyH2.11G061000	Lc__Lchi08611	Vv__XP_002263519.1	1	1	1	1
OG0013030	one_gene_each_in_target_3species_from_ref7_Orthogroups	Cm__CmMahoganyH2.11G061600	Lc__Lchi08603	Vv__XP_019081108.1	1	1	1	1
OG0013032	one_gene_each_in_target_3species_from_ref7_Orthogroups	Cm__CmMahoganyH2.11G069200	Lc__Lchi27071	Vv__XP_002275513.1	1	1	1	1
OG0013033	one_gene_each_in_target_3species_from_ref7_Orthogroups	Cm__CmMahoganyH2.11G069700	Lc__Lchi13165	Vv__XP_002275425.2	1	1	1	1
OG0013036	one_gene_each_in_target_3species_from_ref7_Orthogroups	Cm__CmMahoganyH2.11G081800	Lc__Lchi27653	Vv__XP_002274914.1	1	1	1	1
OG0013037	one_gene_each_in_target_3species_from_ref7_Orthogroups	Cm__CmMahoganyH2.11G085600	Lc__Lchi28140	Vv__XP_002264200.1	1	1	1	1
OG0013047	one_gene_each_in_target_3species_from_ref7_Orthogroups	Cm__CmMahoganyH2.11G134300	Lc__Lchi05935	Vv__XP_002265039.1	1	1	1	1
OG0013049	one_gene_each_in_target_3species_from_ref7_Orthogroups	Cm__CmMahoganyH2.11G140500	Lc__Lchi01721	Vv__XP_002266585.2	1	1	1	1
OG0013051	one_gene_each_in_target_3species_from_ref7_Orthogroups	Cm__CmMahoganyH2.11G142900	Lc__Lchi26065	Vv__XP_002262773.1	1	1	1	1
OG0013052	one_gene_each_in_target_3species_from_ref7_Orthogroups	Cm__CmMahoganyH2.11G145100	Lc__Lchi09415	Vv__XP_002264063.1	1	1	1	1
OG0013059	one_gene_each_in_target_3species_from_ref7_Orthogroups	Cm__CmMahoganyH2.12G000200	Lc__Lchi01982	Vv__XP_002264295.1	1	1	1	1
OG0013061	one_gene_each_in_target_3species_from_ref7_Orthogroups	Cm__CmMahoganyH2.12G006400	Lc__Lchi01627	Vv__XP_010645864.1	1	1	1	1
OG0013062	one_gene_each_in_target_3species_from_ref7_Orthogroups	Cm__CmMahoganyH2.12G011200	Lc__Lchi16169	Vv__XP_003634942.1	1	1	1	1
OG0013063	one_gene_each_in_target_3species_from_ref7_Orthogroups	Cm__CmMahoganyH2.12G012200	Lc__Lchi01606	Vv__XP_002277122.2	1	1	1	1
OG0013066	one_gene_each_in_target_3species_from_ref7_Orthogroups	Cm__CmMahoganyH2.12G033200	Lc__Lchi05007	Vv__XP_002275469.2	1	1	1	1
OG0013072	one_gene_each_in_target_3species_from_ref7_Orthogroups	Cm__CmMahoganyH2.12G052100	Lc__Lchi14834	Vv__XP_010662680.1	1	1	1	1
OG0013073	one_gene_each_in_target_3species_from_ref7_Orthogroups	Cm__CmMahoganyH2.12G054100	Lc__Lchi17923	Vv__XP_002273527.1	1	1	1	1
OG0013074	one_gene_each_in_target_3species_from_ref7_Orthogroups	Cm__CmMahoganyH2.12G054800	Lc__Lchi01157	Vv__XP_002272741.1	1	1	1	1
OG0013076	one_gene_each_in_target_3species_from_ref7_Orthogroups	Cm__CmMahoganyH2.12G057600	Lc__Lchi27465	Vv__XP_002272050.1	1	1	1	1
OG0013081	one_gene_each_in_target_3species_from_ref7_Orthogroups	Cm__CmMahoganyH2.12G073600	Lc__Lchi26686	Vv__XP_002285702.1	1	1	1	1
OG0013084	one_gene_each_in_target_3species_from_ref7_Orthogroups	Cm__CmMahoganyH2.12G097300	Lc__Lchi08360	Vv__XP_002276966.1	1	1	1	1
OG0013086	one_gene_each_in_target_3species_from_ref7_Orthogroups	Cm__CmMahoganyH2.12G116800	Lc__Lchi02033	Vv__XP_002285874.1	1	1	1	1
OG0013087	one_gene_each_in_target_3species_from_ref7_Orthogroups	Cm__CmMahoganyH2.12G118300	Lc__Lchi04585	Vv__XP_002285871.1	1	1	1	1
OG0013088	one_gene_each_in_target_3species_from_ref7_Orthogroups	Cm__CmMahoganyH2.12G118800	Lc__Lchi02013	Vv__XP_002285868.1	1	1	1	1
OG0013090	one_gene_each_in_target_3species_from_ref7_Orthogroups	Cm__CmMahoganyH2.12G121300	Lc__Lchi08697	Vv__XP_002285859.1	1	1	1	1
OG0013091	one_gene_each_in_target_3species_from_ref7_Orthogroups	Cm__CmMahoganyH2.12G124800	Lc__Lchi01900	Vv__XP_010664229.1	1	1	1	1
OG0013093	one_gene_each_in_target_3species_from_ref7_Orthogroups	Cm__CmMahoganyH2.12G129800	Lc__Lchi13242	Vv__XP_002263238.1	1	1	1	1
OG0013097	one_gene_each_in_target_3species_from_ref7_Orthogroups	Cm__CmMahoganyH2.12G153500	Lc__Lchi10023	Vv__XP_010645307.2	1	1	1	1
OG0013098	one_gene_each_in_target_3species_from_ref7_Orthogroups	Cm__CmMahoganyH2.12G156100	Lc__Lchi17176	Vv__XP_002266557.3	1	1	1	1
OG0013099	one_gene_each_in_target_3species_from_ref7_Orthogroups	Cm__CmMahoganyH2.12G158200	Lc__Lchi17205	Vv__XP_002263684.2	1	1	1	1
OG0013103	one_gene_each_in_target_3species_from_ref7_Orthogroups	Cm__CmMahoganyH2.12G168200	Lc__Lchi26979	Vv__XP_002271890.1	1	1	1	1
OG0013104	one_gene_each_in_target_3species_from_ref7_Orthogroups	Cm__CmMahoganyH2.12G171100	Lc__Lchi02572	Vv__XP_002265905.2	1	1	1	1
